Team,Season,Jersey Type,Design,Colour,Brand,Sponsor,Host Nation,Tourament,Cricket Board,Format,Rating,Captain name,Worn By Player             ,Image 1,Image 2, Standings ,Team Logo,Tournament won
India,2007,Home,Light Blue with Orange accents,Light Blue,Nike,Sahara,South Africa,T20 Cricket World Cup,BCCI,T20,,MS Dhoni ,"MS Dhoni Gautam Gambhir, Rohit Sharma, Yuvraj Singh",https://drive.google.com/file/d/15AcOO8Foy0rm1Nfva-1vVMKJhSQnd9kH/view?usp=drive_link,https://drive.google.com/file/d/13oxi7b_CwYfzMw9XwtCdRiXY9ABkqAfC/view?usp=drive_link,1,https://drive.google.com/file/d/1tCS7egKmKmAzCKTpZ9NwNyXgjfju3K5j/view?usp=drive_link,Yes
India,2009,Home,Slightly darker Blue with Orange and Tricolor strips, Blue,Nike,Sahara,England,T20 Cricket World Cup,BCCI,T20,,MS Dhoni ,"MS Dhoni Gautam Gambhir, Rohit Sharma, Yuvraj Singh",https://drive.google.com/file/d/1sOHaC-0nFpYXB2tLl8aew6glP5jp-TCo/view?usp=drive_link,,7,https://drive.google.com/file/d/1tCS7egKmKmAzCKTpZ9NwNyXgjfju3K5j/view?usp=drive_link,No
India,2010,Home,Light Blue with Tricolor strokes on shoulders, Blue,Nike,Sahara,West Indies,T20 Cricket World Cup,BCCI,T20,,MS Dhoni ,"MS Dhoni Sachin Tendulkar, Rohit Sharma",https://drive.google.com/file/d/1gb2nCGCfdPTbFtF7IBasl9TotEyXdBpd/view?usp=drive_link,https://drive.google.com/file/d/1_aC7LToivgu37evfmQd0YD6p3-x5MxyD/view?usp=drive_link,8,https://drive.google.com/file/d/1tCS7egKmKmAzCKTpZ9NwNyXgjfju3K5j/view?usp=drive_link,No
India,2012,Home,Ocean Blue with Orange collar and sides,Ocean Blue,Nike,Sahara,Sri Lanka,T20 Cricket World Cup,BCCI,T20,,MS Dhoni ,"MS Dhoni Sachin Tendulkar, Rohit Sharm",,https://drive.google.com/file/d/1mqGOylJGI6fOnxE2B8C5eNnGhQd1aUtF/view?usp=drive_link,5,https://drive.google.com/file/d/1tCS7egKmKmAzCKTpZ9NwNyXgjfju3K5j/view?usp=drive_link,No
India,2014,Home,Blue with minimal Tricolor and dark navy shoulders ,Blue,Nike,Star India,Bangladesh,T20 Cricket World Cup,BCCI,T20,,MS Dhoni ,"MS Dhoni Rohit Sharma, Virat Kohli",https://drive.google.com/file/d/1L7B2erkmmWFc9yFFKDmyau-c8B2snm53/view?usp=drive_link,https://drive.google.com/file/d/18sJD9bMdXJUVyFCOgQVT8A2uwTXQcegB/view?usp=drive_link,2,https://drive.google.com/file/d/1tCS7egKmKmAzCKTpZ9NwNyXgjfju3K5j/view?usp=drive_link,No
India,2016,Home,Rich Blue with Orange accents and modern collar ,Rich Blue,Nike,Star India,India,T20 Cricket World Cup,BCCI,T20,,MS Dhoni ,"MS Dhoni  Rohit Sharma, Virat Kohli",https://drive.google.com/file/d/12Dh4LEGemTF68L2QRt7igyYPaDUqAheN/view?usp=drive_link,https://drive.google.com/file/d/15Mc9APQU-dNOSF9v47k4WXqDb1XXArpJ/view?usp=drive_link,4,https://drive.google.com/file/d/1tCS7egKmKmAzCKTpZ9NwNyXgjfju3K5j/view?usp=drive_link,No
India,2021,Home,Dark Navy Blue with Orange shoulders and Tricolor stripe,Dark Navy Blue,MPL Sports  ,BYJU'S,UAE & Oman,T20 Cricket World Cup,BCCI,T20,,Virat Kohli,"Rohit, Virat, KL Rahul, Suryakumar Yadav",https://drive.google.com/file/d/12vWB1nyXm-T5ia-fsVjnDZlt-O02ySHz/view?usp=drive_link,https://drive.google.com/file/d/1dNz5LpDadVbNL1EnaG791vlKL_-fpHNY/view?usp=drive_link,6,https://drive.google.com/file/d/1tCS7egKmKmAzCKTpZ9NwNyXgjfju3K5j/view?usp=drive_link,No
India,2022,Home,Light Sky Blue with Orange collar and sleeves,Sky Blue,MPL Sports  ,BYJU'S,Australia,T20 Cricket World Cup,BCCI,T20,,Rohit Sharma,"Rohit Sharma, Virat Kohli, KL Rahul, Suryakumar Yadav",,,3,https://drive.google.com/file/d/1tCS7egKmKmAzCKTpZ9NwNyXgjfju3K5j/view?usp=drive_link,No
India,2024,Home,"Royal Blue with Orange stripes, White Adidas logo ",Royal Blue,Adidas,Dream11,USA & West Indies,T20 Cricket World Cup,BCCI,T20,,Rohit Sharma,"Rohit, Virat, Yashasvi Jaiswal, Suryakumar Yadav",https://drive.google.com/file/d/1H0LBTqdYNFQi_PqEevaCjyUQybbmtG2s/view?usp=drive_link,https://drive.google.com/file/d/1r30QuhxnaMhfNo3KgHbxguCrUiWLZmyk/view?usp=drive_link,1,https://drive.google.com/file/d/1tCS7egKmKmAzCKTpZ9NwNyXgjfju3K5j/view?usp=drive_link,Yes
,,,,,,,,,,,,,,,,,,
,,,,,,,,,,,,,,,,,,
England,2007,Home,"Bright flame red, navy shoulders, red pinstripes","Dark Blue, Red",Admiral,Vodafone,South Africa,T20 Cricket World Cup,ECB,T20,,Paul Collingwood," Kevin Pietersen, Paul Collingwood, Stuart Broad, Andrew Flintoff ",https://drive.google.com/file/d/1BGrcCGZxfY6ltuz7IpNncAn-KaZ-khxe/view?usp=drive_link,,7,https://drive.google.com/file/d/18nUG32vK4-Z5hUgx6NdNuFn3EHE5WTVO/view?usp=drive_link,No
England,2009,Home,"Red with navy sleeves, clean Adidas-style trim",Black,Adidas,Brit Insurance,England,T20 Cricket World Cup,ECB,T20,,Paul Collingwood,"Kevin Pietersen, Paul Collingwood, Graeme Swann, James Anderson ",https://drive.google.com/file/d/1-y5IpOw6C_VCEJ5dClD-B3qt8jRgLmPT/view?usp=drive_link,,6,https://drive.google.com/file/d/18nUG32vK4-Z5hUgx6NdNuFn3EHE5WTVO/view?usp=drive_link,No
England,2010,Home,"Deep red with white/navy accents, athletic fit",Black,Adidas,Brit Insurance,West Indies,T20 Cricket World Cup,ECB,T20,,Paul Collingwood,"Kevin Pietersen, Eoin Morgan, Graeme Swann, Craig Kieswetter ",https://drive.google.com/file/d/1NZ5pKlsfIak_UYbIqowIiA4bL6C_7jML/view?usp=drive_link,,1,https://drive.google.com/file/d/18nUG32vK4-Z5hUgx6NdNuFn3EHE5WTVO/view?usp=drive_link,Yes
England,2012,Home,Deep red continued with minor style changes,Navy Blue,Adidas,Brit Insurance,Sri Lanka,T20 Cricket World Cup,ECB,T20,,Stuart Broad,"Eoin Morgan, Kevin Pietersen, Graeme Swann, Stuart Broad  ",https://drive.google.com/file/d/1gi-_XAxlO3eS2hDMkXCErYSxNRbkJVpm/view?usp=drive_link,https://drive.google.com/file/d/1evUFQyAx-fsxxIRh1HzfLUPHxrsxShFs/view?usp=drive_link,6,https://drive.google.com/file/d/18nUG32vK4-Z5hUgx6NdNuFn3EHE5WTVO/view?usp=drive_link,No
England,2014,Home,"Burgundy red, minimalist with navy detailing",Red,Adidas,Waitrose,Bangladesh,T20 Cricket World Cup,ECB,T20,,Stuart Broad,"Eoin Morgan, Jos Buttler, Ben Stokes, Chris Jordan",https://drive.google.com/file/d/1WOk3DI7AdtawbN13ZQBZvIoKWrhQMann/view?usp=drive_link,,7,https://drive.google.com/file/d/18nUG32vK4-Z5hUgx6NdNuFn3EHE5WTVO/view?usp=drive_link,No
England,2016,Home,"Crimson red, collarless, mesh side panels",Red,Adidas,Waitrose,India,T20 Cricket World Cup,ECB,T20,,Eoin Morgan,"Joe Root, Jos Buttler, Jason Roy, Ben Stokes  ",https://drive.google.com/file/d/1JPFtWRj_AAs4fdeMurbdzMA-uvHAptAj/view?usp=drive_link,https://drive.google.com/file/d/1S1wKFngNk29y1HFDi7m-e18WZVadcOHC/view?usp=drive_link,2,https://drive.google.com/file/d/18nUG32vK4-Z5hUgx6NdNuFn3EHE5WTVO/view?usp=drive_link,No
England,2021,Home,"Dark red with striped shoulders, modern fit",Red and Blue,New Balance,NatWest,UAE & Oman,T20 Cricket World Cup,ECB,T20,,Eoin Morgan,"Jos Buttler, Jonny Bairstow, Dawid Malan, Moeen Ali ",https://drive.google.com/file/d/1PiVHV4M0_DoN5R_Fe8ccpVAg7jNfN5P9/view?usp=drive_link,https://drive.google.com/file/d/1ZNCs5vodI132xigY7aUWiG07nBncR-Or/view?usp=drive_link,4,https://drive.google.com/file/d/18nUG32vK4-Z5hUgx6NdNuFn3EHE5WTVO/view?usp=drive_link,No
England,2022,Home,"Brick red, white/navy geometric sleeve detailing",Red,Castore,Cinch,Australia,T20 Cricket World Cup,ECB,T20,,Jos Buttler,"Jos Buttler, Ben Stokes, Sam Curran, Alex Hales  ",https://drive.google.com/file/d/1NTni7veUmaRWcvkmQz7ggBEiZKhJ2wt3/view?usp=drive_link,,1,https://drive.google.com/file/d/18nUG32vK4-Z5hUgx6NdNuFn3EHE5WTVO/view?usp=drive_link,Yes
England,2024,Home,"Brick red shirt, navy trousers, World Cup logo on chest",Red,Castore,Cinch,USA & West Indies,T20 Cricket World Cup,ECB,T20,,Jos Buttler,"Jos Buttler, Jofra Archer, Jonny Bairstow, Liam Livingstone  ",https://drive.google.com/file/d/1UNz4abHCrv-deoATNRBpyWt3-0YmkQdq/view?usp=drive_link,https://drive.google.com/file/d/1l2SVwaew8WdTPWDlriGic_jNZzG4FAsG/view?usp=drive_link,4,https://drive.google.com/file/d/18nUG32vK4-Z5hUgx6NdNuFn3EHE5WTVO/view?usp=drive_link,No
,,,,,,,,,,,,,,,,,,
,,,,,,,,,,,,,,,,,,
,,,,,,,,,,,,,,,,,,
,,,,,,,,,,,,,,,,,,
Australia,2007,Home,"Dark green base with gold sleeves, bold central logo",rich yellow,Asics,Adidas,South Africa,T20 Cricket World Cup,Cricket Australia,T20,,Ricky Ponting,"Ricky Ponting, Adam Gilchrist, Brett Lee, Matthew Hayden",https://drive.google.com/file/d/1iOonK5PwArjQOfxfNRq5K3unCRyD20jl/view?usp=drive_link,https://drive.google.com/file/d/1XzOVlo8PectMHcDxX1D1kb5oF6jg4izz/view?usp=drive_link,3,https://drive.google.com/file/d/1aGqI6ZrqwDRF31v_a5dP1EpzhlJZker_/view?usp=drivesdk,No
Australia,2009,Home,Black and gold kit with Southern Cross design on chest,Dark golden body,Asics, Adidas,England,T20 Cricket World Cup,Cricket Australia,T20,,Ricky Ponting,"Ricky Ponting, Michael Clarke, Brett Lee, David Hussey",https://drive.google.com/file/d/1eqIcdT5PmG7tARrqR5Dhwnz4Fv7Wt4W8/view?usp=drive_link,https://drive.google.com/file/d/1zV10cWCepENqh0ySUZsznR9ObDaotqp6/view?usp=drive_link,11,https://drive.google.com/file/d/1aGqI6ZrqwDRF31v_a5dP1EpzhlJZker_/view?usp=drivesdk,No
Australia,2010,Home,"Dark green and gold mix, gradient pattern on sides",Dark golden body,Asics,Asics,West Indies,T20 Cricket World Cup,Cricket Australia,T20,,Michael Clarke,"Michael Clarke, David Warner, Michael Hussey, Mitchell Johnson",,,2,https://drive.google.com/file/d/1aGqI6ZrqwDRF31v_a5dP1EpzhlJZker_/view?usp=drivesdk,No
Australia,2012,Home,"Green with bright yellow shoulders, streamlined look",Charcoal black,Asics,Asics,Sri Lanka,T20 Cricket World Cup,Cricket Australia,T20,,George Bailey,"George Bailey, Shane Watson, David Warner, Pat Cummins",https://drive.google.com/file/d/1YYem3gHHtIZmGl31L-vbmRH047sIOTdp/view?usp=drive_link,,3,https://drive.google.com/file/d/1aGqI6ZrqwDRF31v_a5dP1EpzhlJZker_/view?usp=drivesdk,No
Australia,2014,Home,"Golden yellow base with green sleeves, clean cut",Black,Asics,Asics,Bangladesh,T20 Cricket World Cup,Cricket Australia,T20,,George Bailey,"George Bailey, Glenn Maxwell, David Warner, Mitchell Starc",https://drive.google.com/file/d/1KbWuPXVyMOLzHcSK50v88ONj1dQZzKjK/view?usp=drive_link,https://drive.google.com/file/d/1xnqOA6BzUaWJUqReb8wcquzOqcsRlJoJ/view?usp=drive_link,8,https://drive.google.com/file/d/1aGqI6ZrqwDRF31v_a5dP1EpzhlJZker_/view?usp=drivesdk,No
Australia,2016,Home,Black and yellow with starburst effect across front,Black,Asics,Asics,India,T20 Cricket World Cup,Cricket Australia,T20,,Steven Smith,"Steve Smith, Aaron Finch, Glenn Maxwell, David Warner",https://drive.google.com/file/d/1twmUd1LrBkE8YgAkZNzID9fDn1rDZ27t/view?usp=drive_link,,9,https://drive.google.com/file/d/1aGqI6ZrqwDRF31v_a5dP1EpzhlJZker_/view?usp=drivesdk,No
Australia,2021,Home,Dark green with gold V-stripe and modern accents,fully black ,Asics,Asics,UAE & Oman,T20 Cricket World Cup,Cricket Australia,T20,,Aaron Finch,"Aaron Finch, David Warner, Glenn Maxwell, Adam Zampa",https://drive.google.com/file/d/1lygCdr833r1R1YYsIRESy3RlSVUgK1IG/view?usp=drive_link,https://drive.google.com/file/d/1x2f5FRPT83T5V5aLDgIyvndF-hyujhvD/view?usp=drive_link,1,https://drive.google.com/file/d/1aGqI6ZrqwDRF31v_a5dP1EpzhlJZker_/view?usp=drivesdk,Yes
Australia,2022,Home,"Black with neon green digital pattern, modern fit",Yellow,Asics,Asics,Australia,T20 Cricket World Cup,Cricket Australia,T20,,Aaron Finch,"Aaron Finch, David Warner, Marcus Stoinis, Mitchell Starc",https://drive.google.com/file/d/11jxggyBt4ik1bAZh-fcQNT1iCbmenw5w/view?usp=drive_link,,5,https://drive.google.com/file/d/1aGqI6ZrqwDRF31v_a5dP1EpzhlJZker_/view?usp=drivesdk,No
Australia,2024,Home,Yellow shirt abstract green pattern across chest,Dark green.,Asics,HCLTech ,USA & West Indies,T20 Cricket World Cup,Cricket Australia,T20,,Mitchell Marsh,"Pat Cummins, David Warner, Glenn Maxwell, Travis Head",https://drive.google.com/file/d/197efMxHOyKOyz8Z9tdGw2zM_lu-cBkqG/view?usp=drive_link,https://drive.google.com/file/d/1sGTwaYrFxnNySz9DUtPWechs-ZJ6SC58/view?usp=drive_link,6,https://drive.google.com/file/d/1aGqI6ZrqwDRF31v_a5dP1EpzhlJZker_/view?usp=drivesdk,No
,,,,,,,,,,,,,,,,,,
,,,,,,,,,,,,,,,,,,
,,,,,,,,,,,,,,,,,,
Pakistan,2007,Home,"Classic green with light green sleeves, star on chest", dark green.,CA Sports,Peps,South Africa,T20 Cricket World Cup,PCB,T20,,Shoaib Malik,"Shahid Afridi, Shoaib Malik, Younis Khan, Mohammad Asif",https://drive.google.com/file/d/139-bcOm_CHi1gm22XuCR4EK-7Shht7wg/view?usp=drive_link,,2,https://drive.google.com/file/d/1DdPK-c5KjZqzs37I5Fr3F-85azpvqwWf/view?usp=drive_link,No
Pakistan,2009,Home,Dark green with gold accents and crescent motif, dark green.,CA Sports,Peps,England,T20 Cricket World Cup,PCB,T20,,Younis Khan,"Shahid Afridi, Kamran Akmal, Umar Gul, Abdul Razzaq",https://drive.google.com/file/d/16xNfpA3uIlD_rYvFJ38Lxlh2zN0YYWV1/view?usp=drive_link,,1,https://drive.google.com/file/d/1DdPK-c5KjZqzs37I5Fr3F-85azpvqwWf/view?usp=drive_link,Yes
Pakistan,2010,Home,Forest green with diagonal light-green stripe across chest,charcoal green.,CA Sports,Peps,West Indies,T20 Cricket World Cup,PCB,T20,,Mohammad Hafeez,"Shahid Afridi, Salman Butt, Mohammad Amir, Abdul Razzaq",https://drive.google.com/file/d/11ZW1vXTuP6eaEu9KhnMSE6oitgM1O_Dv/view?usp=drive_link,,4,https://drive.google.com/file/d/1DdPK-c5KjZqzs37I5Fr3F-85azpvqwWf/view?usp=drive_link,No
Pakistan,2012,Home,"Dark green base with bright green shoulders, star patterns",dark green.,CA Sports,Peps,Sri Lanka,T20 Cricket World Cup,PCB,T20,,Mohammad Hafeez,"Mohammad Hafeez, Shahid Afridi, Umar Akmal, Saeed Ajmal",https://drive.google.com/file/d/1ZglvKcOXBGJ5T_QRnXBOoap-XrK6m85x/view?usp=drive_link,,4,https://drive.google.com/file/d/1DdPK-c5KjZqzs37I5Fr3F-85azpvqwWf/view?usp=drive_link,No
Pakistan,2014,Home,"Lime green body with dark green sleeves, clean design",black with green,CA Sports,Peps,Bangladesh,T20 Cricket World Cup,PCB,T20,,Mohammad Hafeez,"Mohammad Hafeez, Umar Akmal, Saeed Ajmal, Ahmed Shehzad",https://drive.google.com/file/d/1loZbzK_EFNB4zj8Hlf5JRNsllZq3qs0U/view?usp=drive_link,,5,https://drive.google.com/file/d/1DdPK-c5KjZqzs37I5Fr3F-85azpvqwWf/view?usp=drive_link,No
Pakistan,2016,Home,"Two-tone green with white trim, star near collar",forest green.,CA Sports,"Lays,Peps",India,T20 Cricket World Cup,PCB,T20,,Shahid Afridi,"Shahid Afridi, Mohammad Amir, Sarfaraz Ahmed, Wahab Riaz",https://drive.google.com/file/d/1A-tV0FW1q7LjuoXTK5mBKXSoS7ASIigr/view?usp=drive_link,,7,https://drive.google.com/file/d/1DdPK-c5KjZqzs37I5Fr3F-85azpvqwWf/view?usp=drive_link,No
Pakistan,2021,Home,Bold green with lighter chest gradient and abstract lines, jungle-green,CA Sports,Peps,UAE & Oman,T20 Cricket World Cup,PCB,T20,,Babar Azam,"Babar Azam, Mohammad Rizwan, Shaheen Afridi, Shadab Khan",https://drive.google.com/file/d/1IQFQV3-O4GnYla-4LY57dGRtcY3i7hrb/view?usp=drive_link,https://drive.google.com/file/d/1S80zQ3XkDIGmDWBhQm_fbQ_PKf0_-_VR/view?usp=drive_link,3,https://drive.google.com/file/d/1DdPK-c5KjZqzs37I5Fr3F-85azpvqwWf/view?usp=drive_link,No
Pakistan,2022,Home,Deep green base with neon lightning pattern across front,dark green. with lime-green,CA Sports,Peps,Australia,T20 Cricket World Cup,PCB,T20,,Babar Azam,"Babar Azam, Mohammad Rizwan, Shaheen Afridi, Haris Rauf",https://drive.google.com/file/d/1VjqVElTh2kwl1LPX5xDrNOlPzcR_-6Bk/view?usp=drive_link,,2,https://drive.google.com/file/d/1DdPK-c5KjZqzs37I5Fr3F-85azpvqwWf/view?usp=drive_link,No
Pakistan,2024,Home,Bright green with dark green chest panel and World Cup branding, Dark dark green,AJ Sports,"Pepsi , TCL ",USA & West Indies,T20 Cricket World Cup,PCB,T20,,Babar Azam,"Babar Azam, Mohammad Rizwan, Shaheen Afridi, Naseem Shah",https://drive.google.com/file/d/1SxnsYdi8s3y3IE8akg8CUb_uv20fl_Vl/view?usp=drive_link,https://drive.google.com/file/d/1bBk88Q0HEYYc6uqhHRjq_UOGL6cr9_Gm/view?usp=drive_link,5,https://drive.google.com/file/d/1DdPK-c5KjZqzs37I5Fr3F-85azpvqwWf/view?usp=drive_link,No
,,,,,,,,,,,,,,,,,,
,,,,,,Asics,,,,,,,,,,,,
South Africa        ,2007,Home,Traditional green with yellow sleeves and Protea badge,Deep forest green ,Hummel,Standard Bank,South Africa,T20 Cricket World Cup,CSA,T20,,Graeme Smith,"Graeme Smith, AB de Villiers, Jacques Kallis, Shaun Pollock",https://drive.google.com/file/d/1e_dzGOPLtoEKhKtqpiLJhrrEs08JHt4y/view?usp=sharing,,6,https://drive.google.com/file/d/1BkKXZSFRVioaQ5tVKNPgooQxivL26k1d/view?usp=drive_link,No
South Africa        ,2009,Home,Dark green with gold collar and sleeve edges,green with yellow ,Reebok,Standard Bank,England,T20 Cricket World Cup,CSA,T20,,Graeme Smith,"Jacques Kallis, AB de Villiers, Dale Steyn, Graeme Smith",,,5,https://drive.google.com/file/d/1BkKXZSFRVioaQ5tVKNPgooQxivL26k1d/view?usp=drive_link,No
South Africa	,2010,Home,Bright green with yellow shoulders and thin stripe detailing,green with yellow ,Reebok,Standard Bank,West Indies,T20 Cricket World Cup,CSA,T20,,Graeme Smith,"AB de Villiers, Jacques Kallis, Dale Steyn, Morne Morkel",https://drive.google.com/file/d/1qlNUzHATjxpFT9LRRkWQLCTGT4ZY8i4S/view?usp=sharing,,4,https://drive.google.com/file/d/1BkKXZSFRVioaQ5tVKNPgooQxivL26k1d/view?usp=drive_link,No
South Africa	,2012,Home,Lime green with bold yellow V-shape across chest,dark green.,Adidas,Castle Lager,Sri Lanka,T20 Cricket World Cup,CSA,T20,,AB de Villiers,"AB de Villiers, Faf du Plessis, Dale Steyn, Robin Peterson",https://drive.google.com/file/d/1SCLa_9od_uOxDYvY88I7FAFflw9stkJ7/view?usp=sharing,,5,https://drive.google.com/file/d/1BkKXZSFRVioaQ5tVKNPgooQxivL26k1d/view?usp=drive_link,No
South Africa	,2014,Home,Two-tone green with horizontal stripes and gold trim,green with yellow ,Adidas,Blue Label Telecoms,Bangladesh,T20 Cricket World Cup,CSA,T20,,Faf du Plessis,"Faf du Plessis, AB de Villiers, Dale Steyn, JP Duminy",https://drive.google.com/file/d/1nq_-RWEoQ1BfNla1-nIQ41c8RMK2ZfsK/view?usp=sharing,https://drive.google.com/file/d/1ktlnNaJBEhk0I2rXHMhyJyGpksplm9MP/view?usp=drive_link,5,https://drive.google.com/file/d/1BkKXZSFRVioaQ5tVKNPgooQxivL26k1d/view?usp=drive_link,No
South Africa	,2016,Home,Bright yellow shirt with green collar and side panels,Yellow,Adidas,oxigen,India,T20 Cricket World Cup,CSA,T20,,Faf du Plessis,"Faf du Plessis, AB de Villiers, Quinton de Kock, Imran Tahir",https://drive.google.com/file/d/1DtzeGjOlZknC5ZkpFj_JadnWZTIdXLIt/view?usp=sharing,,3,https://drive.google.com/file/d/1BkKXZSFRVioaQ5tVKNPgooQxivL26k1d/view?usp=drive_link,No
South Africa	,2021,Home,Dark green base with modern geometric yellow pattern,Green-based with yellow ,Castore,Standard Bank,UAE & Oman,T20 Cricket World Cup,CSA,T20,,Temba Bavuma,"Temba Bavuma, Quinton de Kock, Kagiso Rabada, Anrich Nortje",https://drive.google.com/file/d/1Vc4dfMh9Vyy4udPnpk2maAncM-n4EDVL/view?usp=drive_link,https://drive.google.com/file/d/1iprM1jFQhrjaGrGmQ_Ewvl6HisKMyAHV/view?usp=drive_link,4,https://drive.google.com/file/d/1BkKXZSFRVioaQ5tVKNPgooQxivL26k1d/view?usp=drive_link,No
South Africa	,2022,Home,Green with honeycomb texture and yellow accents,Yellow,Castore,Castore,Australia,T20 Cricket World Cup,CSA,T20,,Temba Bavuma,"Temba Bavuma, Quinton de Kock, David Miller, Anrich Nortje",,,5,https://drive.google.com/file/d/1BkKXZSFRVioaQ5tVKNPgooQxivL26k1d/view?usp=drive_link,No
South Africa	,2024,Home,"Yellow shirt, green sleeves, diagonal pattern with national motifs",green with yellow ,Lotto,Amul,USA & West Indies,T20 Cricket World Cup,CSA,T20,,Aiden Markram,"Aiden Markram, Quinton de Kock, Heinrich Klaasen, Kagiso Rabada",https://drive.google.com/file/d/1v0RCwnYhjlp-XPnI3owG6s9RT-UY8NAu/view?usp=drive_link,https://drive.google.com/file/d/1aqm5THH-I3ij2RNgNkUtdHTUpd8u4WDg/view?usp=drive_link,5,https://drive.google.com/file/d/1BkKXZSFRVioaQ5tVKNPgooQxivL26k1d/view?usp=drive_link,No
,,,,,,,,,,,,,,,,,,
,,,,,,,,,,,,,,,,,,
,,,,,,,,,,,,,,,,,,
New Zealand,2007,Home,Black base with white fern emblem on chest,,W‑Star,National Bank ,South Africa,T20 Cricket World Cup,NZC,T20,,Daniel Vettori,"Stephen Fleming, Shane Bond, Scott Styris, Brendon McCullum",,,3,https://drive.google.com/file/d/16idG69YWwvty5eQDbcP7hgGZ8C76jhid/view?usp=drive_link,No
New Zealand,2009,Home,Black with silver accents and subtle fern patterns, Black and yellow,Canterbury,National Bank ,England,T20 Cricket World Cup,NZC,T20,,Daniel Vettori,"Brendon McCullum, Ross Taylor, Jacob Oram, Daniel Vettori",https://drive.google.com/file/d/1HNWnNmmKEi9ijrFzDxm0ZB7tlXc5MtYe/view?usp=sharing,https://drive.google.com/file/d/1dazjJ0MfBRZT8TTP5P-BiXQrX4eizr-y/view?usp=sharing,5,https://drive.google.com/file/d/16idG69YWwvty5eQDbcP7hgGZ8C76jhid/view?usp=drive_link,No
New Zealand,2010,Home,All-black kit with silver piping along sleeves and collar, Black and yellow,Canterbury,National Bank ,West Indies,T20 Cricket World Cup,NZC,T20,,Daniel Vettori,"Brendon McCullum, Ross Taylor, Daniel Vettori, Kyle Mills",,,4,https://drive.google.com/file/d/16idG69YWwvty5eQDbcP7hgGZ8C76jhid/view?usp=drive_link,No
New Zealand,2012,Home,Black jersey with silver diagonal stripes and fern motif, Black and yellow,Canterbury,National Bank ,Sri Lanka,T20 Cricket World Cup,NZC,T20,,Ross Taylor,"Brendon McCullum, Ross Taylor, Martin Guptill, Nathan McCullum",https://drive.google.com/file/d/1h1Cp9lNc8UaTMStVF-B2jSthmKcSRVG0/view?usp=sharing,,5,https://drive.google.com/file/d/16idG69YWwvty5eQDbcP7hgGZ8C76jhid/view?usp=drive_link,No
New Zealand,2014,Home,Black with white and silver gradient design on front,Solid black,Canterbury,"National Bank ,Ford",Bangladesh,T20 Cricket World Cup,NZC,T20,,Brendon McCullum,"Kane Williamson, Ross Taylor, Martin Guptill, Corey Anderson",,,4,https://drive.google.com/file/d/16idG69YWwvty5eQDbcP7hgGZ8C76jhid/view?usp=drive_link,No
New Zealand,2016,Home,Black with minimalistic silver fern pattern on shoulder,,Canterbury,ANZ,India,T20 Cricket World Cup,NZC,T20,,Kane Williamson,"Kane Williamson, Martin Guptill, Mitchell Santner, Trent Boult",,,5,https://drive.google.com/file/d/16idG69YWwvty5eQDbcP7hgGZ8C76jhid/view?usp=drive_link,No
New Zealand,2021,Home,Matte black with glossy fern pattern overlay,silver with blue,Canterbury,ANZ,UAE & Oman,T20 Cricket World Cup,NZC,T20,,Kane Williamson,"Kane Williamson, Martin Guptill, Devon Conway, Ish Sodhi",https://drive.google.com/file/d/1CE0Sf4_aLi3FGOUujW-OTnj1Zk3d8Lmh/view?usp=sharing,,2,https://drive.google.com/file/d/16idG69YWwvty5eQDbcP7hgGZ8C76jhid/view?usp=drive_link,No
New Zealand,2022,Home,Black with silver geometric shapes and clean lines,Black  with grey.,Canterbury,ANZ,Australia,T20 Cricket World Cup,NZC,T20,,Kane Williamson,"Kane Williamson, Glenn Phillips, Tim Southee, Trent Boult",https://drive.google.com/file/d/13961ssqXdcOThn7dc4y5HSBThN6TCJjY/view?usp=sharing,https://drive.google.com/file/d/1CXtGyPWcec9NTskVvADYlscvlZw53oLZ/view?usp=sharing,4,https://drive.google.com/file/d/16idG69YWwvty5eQDbcP7hgGZ8C76jhid/view?usp=drive_link,No
New Zealand,2024,Home,Black with white chest panel and fern outline,Aquamarine/teal,Canterbury,ANZ,USA & West Indies,T20 Cricket World Cup,NZC,T20,,Kane Williamson,"Kane Williamson, Finn Allen, Rachin Ravindra, Trent Boult",https://drive.google.com/file/d/1yUg9igxgWbbWPQFNDbRUFCbQt28uko7t/view?usp=sharing,,5,https://drive.google.com/file/d/16idG69YWwvty5eQDbcP7hgGZ8C76jhid/view?usp=drive_link,No
,,,,,,,,,,,,,,,,,,
,,,,,,,,,,,,,,,,,,
,,,,,,,,,,,,,,,,,,
,,,,,,,,,,,,,,,,,,
Sri Lanka        ,2007,Home,Blue base with yellow and orange diagonal stripes,Light Blue,MAS ,Dilmah,South Africa,T20 Cricket World Cup,SLC,T20,,Mahela Jayawardene,"Sanath Jayasuriya, Mahela Jayawardene, Kumar Sangakkara, Muttiah Muralitharan",https://drive.google.com/file/d/1j1HkOPf49vBFlxhfhPAe6uKnZbIVkl0z/view?usp=sharing,,2,https://drive.google.com/file/d/1c-XmiZN0XN48zluSY1ZAtGkWEWTsj4Xh/view?usp=drive_link,No
Sri Lanka	,2009,Home,Bright blue with golden lion emblem on chest,Yellow and Blue,Reebok,Dialog Axiata,England,T20 Cricket World Cup,SLC,T20,,Kumar Sangakkara,"Tillakaratne Dilshan, Kumar Sangakkara, Muttiah Muralitharan, Lasith Malinga",,,3,https://drive.google.com/file/d/1c-XmiZN0XN48zluSY1ZAtGkWEWTsj4Xh/view?usp=drive_link,No
Sri Lanka	,2010,Home,Royal blue with yellow side panels and collar trim,Yellow and Blue,Reebok,Dialog Axiata,West Indies,T20 Cricket World Cup,SLC,T20,,Kumar Sangakkara,"Mahela Jayawardene, Kumar Sangakkara, Tillakaratne Dilshan, Lasith Malinga",https://drive.google.com/file/d/1BKMXdUF4QVCbBAn6k2mk4modxWCqIGcZ/view?usp=sharing,,3,https://drive.google.com/file/d/1c-XmiZN0XN48zluSY1ZAtGkWEWTsj4Xh/view?usp=drive_link,No
Sri Lanka	,2012,Home,Navy blue with yellow and orange gradient sleeves,Yellow and Blue,MAS ,Homestead,Sri Lanka,T20 Cricket World Cup,SLC,T20,,Mahela Jayawardene,"Mahela Jayawardene, Kumar Sangakkara, Lasith Malinga, Angelo Mathews",,,3,https://drive.google.com/file/d/1c-XmiZN0XN48zluSY1ZAtGkWEWTsj4Xh/view?usp=drive_link,No
Sri Lanka	,2014,Home,Bright blue with subtle pattern of lion silhouettes,Light Blue and dark Blue,MAS ,Homestead,Bangladesh,T20 Cricket World Cup,SLC,T20,,Dinesh Chandimal,"Kumar Sangakkara, Lasith Malinga, Angelo Mathews, Thisara Perera",,,2,https://drive.google.com/file/d/1c-XmiZN0XN48zluSY1ZAtGkWEWTsj4Xh/view?usp=drive_link,No
Sri Lanka        ,2016,Home,,Yellow and Blue,MAS ,Confident Group,India,T20 Cricket World Cup,SLC,T20,,Angelo Mathews,"Angelo Mathews, Lasith Malinga, Tillakaratne Dilshan, Dinesh Chandimal",https://drive.google.com/file/d/1YNVCRLoyqmzye9t5MwhK8sXnI58kdZvW/view?usp=sharing,https://drive.google.com/file/d/1GG3Z7tP8DIBpb0iLjgyy_bm1zfIBWlpB/view?usp=drive_link,6,https://drive.google.com/file/d/1c-XmiZN0XN48zluSY1ZAtGkWEWTsj4Xh/view?usp=drive_link,No
Sri Lanka        ,2016,Home,Dark blue with yellow horizontal stripes and lion crest,Yellow and Blue,MAS ,Confident Group,India,T20 Cricket World Cup,SLC,T20,,Angelo Mathews,"Angelo Mathews, Lasith Malinga, Tillakaratne Dilshan, Dinesh Chandimal",https://drive.google.com/file/d/1IcMPyCkz7fgJFeUR3fFvMY4ou6O1BLy1/view?usp=sharing,https://drive.google.com/file/d/1e5oSzU5jzeB0x2gfaoI14NTYti2ogF-E/view?usp=sharing,6,https://drive.google.com/file/d/1c-XmiZN0XN48zluSY1ZAtGkWEWTsj4Xh/view?usp=drive_link,No
Sri Lanka        ,2021,AWAY,,Yellow and Blue,MAS ,AstroPay,UAE & Oman,T20 Cricket World Cup,SLC,T20,,Dasun Shanaka,"Kusal Perera, Wanindu Hasaranga, Dasun Shanaka, Dushmantha Chameera",https://drive.google.com/file/d/17J9MLVGtTrAvdS2Hw3t_O6xX_c_6qBqh/view?usp=sharing,,6,https://drive.google.com/file/d/1c-XmiZN0XN48zluSY1ZAtGkWEWTsj4Xh/view?usp=drive_link,No
Sri Lanka	,2021,Home,Electric blue with orange highlights and clean design,Yellow and Blue,MAS ,AstroPay,UAE & Oman,T20 Cricket World Cup,SLC,T20,,Dasun Shanaka,"Kusal Perera, Wanindu Hasaranga, Dasun Shanaka, Dushmantha Chameera",https://drive.google.com/file/d/1JuMiAMXwQnZ--6JPw1JJGWRpZ0fiRRk7/view?usp=sharing,,6,https://drive.google.com/file/d/1c-XmiZN0XN48zluSY1ZAtGkWEWTsj4Xh/view?usp=drive_link,No
Sri Lanka	,2022,Home,Blue with yellow shoulders and abstract pattern,Yellow and Dark Blue,Moose ,Moose,Australia,T20 Cricket World Cup,SLC,T20,,Dasun Shanaka,"Kusal Mendis, Wanindu Hasaranga, Dasun Shanaka, Maheesh Theekshana",https://drive.google.com/file/d/1SDoJUJKAWMwEymHGwsLc6CVwOLJ7GREe/view?usp=sharing,,4,https://drive.google.com/file/d/1c-XmiZN0XN48zluSY1ZAtGkWEWTsj4Xh/view?usp=drive_link,No
Sri Lanka        ,2024,Home,Sky blue base with bold yellow chest panel and logo,Light Blue and dark Blue,Moose ,Amul,USA & West Indies,T20 Cricket World Cup,SLC,T20,,Wanindu Hasaranga,"Kusal Mendis, Wanindu Hasaranga, Matheesha Pathirana, Charith Asalanka",https://drive.google.com/file/d/1kr6yRnhxDrSDneTNwUBcOsS8PWqCWxPn/view?usp=sharing,,5,https://drive.google.com/file/d/1c-XmiZN0XN48zluSY1ZAtGkWEWTsj4Xh/view?usp=drive_link,No
Sri Lanka        ,2024,Home,Sky blue base with bold yellow chest panel and logo,Yellow and Blue,Moose ,Amul,USA & West Indies,T20 Cricket World Cup,SLC,T20,,Wanindu Hasaranga,"Kusal Mendis, Wanindu Hasaranga, Matheesha Pathirana, Charith Asalanka",https://drive.google.com/file/d/1XqbZM2oQv8x_4kNlMasNX3IpdYKXCUt8/view?usp=sharing,,5,https://drive.google.com/file/d/1c-XmiZN0XN48zluSY1ZAtGkWEWTsj4Xh/view?usp=drive_link,No
,,,,,,,,,,,,,,,,,,
,,,,,,,,,,,,,,,,,,
,,,,,,,,,,,,,,,,,,
Bangladesh,2007,Home,Dark green base with red sleeves and tiger emblem," Green ,Red and Yellow",Puma,Grameenphone,South Africa,T20 Cricket World Cup,BCB,T20,,Habibul Bashar,"Habibul Bashar, Mohammad Ashraful, Mashrafe Mortaza, Aftab Ahmed",,,`,https://drive.google.com/file/d/1TumCCkcZQCXGsPmctDwHLEERP-eF8Ek1/view?usp=drive_link,
Bangladesh,2009,Home,Bright green with red collar and subtle pattern on chest,Green and Red,Bata,UCB Bank,England,T20 Cricket World Cup,BCB,T20,,Mohammad Ashraful,"Shakib Al Hasan, Mohammad Ashraful, Mashrafe Mortaza, Tamim Iqbal",https://drive.google.com/file/d/1tobE6SplFRzfIbqe8YL960LVtQvQXpht/view?usp=sharing,,,https://drive.google.com/file/d/1TumCCkcZQCXGsPmctDwHLEERP-eF8Ek1/view?usp=drive_link,
Bangladesh,2010,Home,Forest green with red side panels and white trim,Green and Red,Bata,AB Bank,West Indies,T20 Cricket World Cup,BCB,T20,,Mohammad Ashraful,"Shakib Al Hasan, Tamim Iqbal, Mahmudullah, Mashrafe Mortaza",https://drive.google.com/file/d/1BjpsxuD1rHPwMJWRujLV2lc7TOsNNmpf/view?usp=sharing,,,https://drive.google.com/file/d/1TumCCkcZQCXGsPmctDwHLEERP-eF8Ek1/view?usp=drive_link,
Bangladesh,2012,Home,Deep green with red and gold stripes across shoulders,Green with Red and Yellow Accents,,Sahara ,Sri Lanka,T20 Cricket World Cup,BCB,T20,,Mushfiqur Rahim,"Shakib Al Hasan, Tamim Iqbal, Mahmudullah, Mushfiqur Rahim",https://drive.google.com/file/d/1BAdvXrKu5tiuS3C9CvMa7Su66M7n9Za8/view?usp=sharing,,,https://drive.google.com/file/d/1TumCCkcZQCXGsPmctDwHLEERP-eF8Ek1/view?usp=drive_link,
Bangladesh,2014,Home,Lime green with red sleeves and diagonal chest stripes,Green with Red and Yellow Accents,Sports & Sportz Design,Sahara,Bangladesh,T20 Cricket World Cup,BCB,T20,,Mushfiqur Rahim,"Shakib Al Hasan, Tamim Iqbal, Mahmudullah, Mushfiqur Rahim",https://drive.google.com/file/d/1-J45mzPwuJJrwdzSSCzGJxNLQVqdptlM/view?usp=sharing,https://drive.google.com/file/d/1lGWglaOtZ3-_slBlBs6DHWxKqS1bRO5s/view?usp=sharing,,https://drive.google.com/file/d/1TumCCkcZQCXGsPmctDwHLEERP-eF8Ek1/view?usp=drive_link,
Bangladesh,2016,Home,Green with red collar and abstract tiger stripe pattern,Red and Green ,Sports & Sportz Design,BRAC Bank,India,T20 Cricket World Cup,BCB,T20,,Mashrafe Mortaza,"Shakib Al Hasan, Tamim Iqbal, Mahmudullah, Mustafizur Rahman",https://drive.google.com/file/d/1KI9vrxo38cur5d7P2GvAQ1frIfPCfSbK/view?usp=drive_link,https://drive.google.com/file/d/1FUH3R8r4jPwwSYj8tnLzpBe4dS4OtaLu/view?usp=sharing,,https://drive.google.com/file/d/1TumCCkcZQCXGsPmctDwHLEERP-eF8Ek1/view?usp=drive_link,
Bangladesh,2021,Home,Dark green with red and white geometric shapes, Dark Green and Red,Sports & Sportz Design,Daraz,UAE & Oman,T20 Cricket World Cup,BCB,T20,,Mahmudullah,"Shakib Al Hasan, Mahmudullah, Mustafizur Rahman, Mushfiqur Rahim",https://drive.google.com/file/d/11CqB4AOXLStAUxCCBJpBnw8qHzXyp_pr/view?usp=sharing,,,https://drive.google.com/file/d/1TumCCkcZQCXGsPmctDwHLEERP-eF8Ek1/view?usp=drive_link,
Bangladesh,2022,Home,Bright green with red chest panel and bold trim, Dark Green and Red,Sports & Sportz Design,Daraz,Australia,T20 Cricket World Cup,BCB,T20,,Shakib Al Hasan,"Shakib Al Hasan, Taskin Ahmed, Litton Das, Nurul Hasan",https://drive.google.com/file/d/1P4eCxmnDvdCaX17TfYPCawrZW3OQZhLZ/view?usp=sharing,,,https://drive.google.com/file/d/1TumCCkcZQCXGsPmctDwHLEERP-eF8Ek1/view?usp=drive_link,
Bangladesh,2024,Home,Green with red and gold gradient and national flag accents, Dark Green and Red,Sports & Sportz Design,Robi Axiata Limited,USA & West Indies,T20 Cricket World Cup,BCB,T20,,Najmul Hossain Shanto,"Shakib Al Hasan, Taskin Ahmed, Towhid Hridoy, Rishad Hossain",https://drive.google.com/file/d/1Q_6mQbpowkGicqpUokUpZFiwsSo2msRm/view?usp=sharing,,,https://drive.google.com/file/d/1TumCCkcZQCXGsPmctDwHLEERP-eF8Ek1/view?usp=drive_link,
,,,,,,,,,,,,,,,,,,
,,,,,,,,,,,,,,,,,,
,,,,,,,,,,,,,,,,,,
West Indies	,2007,Home,Maroon base with yellow and green sash across chest,,Admiral,Digicel,South Africa,T20 Cricket World Cup,CWI,T20,,Ramnaresh Sarwan,"Chris Gayle, Brian Lara, Dwayne Bravo, Ramnaresh Sarwan",,,,https://drive.google.com/file/d/18QTZvQ6yLqjBgJg1PLk5LXGCrYgg9G0l/view?usp=drive_link,
West Indies	,2009,Home,Deep maroon with golden palm tree silhouette on shoulder,Red and Green ,Admiral,Digicel,England,T20 Cricket World Cup,CWI,T20,,Chris Gayle,"Chris Gayle, Dwayne Bravo, Fidel Edwards, Kieron Pollard",https://drive.google.com/file/d/10xYXFIahSmbLKKQpJn53kApirjjcL4Nv/view?usp=drivesdk,,,https://drive.google.com/file/d/18QTZvQ6yLqjBgJg1PLk5LXGCrYgg9G0l/view?usp=drive_link,
West Indies	,2010,Home,Bright maroon with gradient orange and yellow side panels,Blue and green ,Admiral,Digicel,West Indies,T20 Cricket World Cup,CWI,T20,,Chris Gayle,"Chris Gayle, Dwayne Bravo, Kieron Pollard, Darren Sammy",https://drive.google.com/file/d/1UjB_ImG1qHtRtw-j9RWwTSXmcoeKo1Oe/view?usp=drive_link,,,https://drive.google.com/file/d/18QTZvQ6yLqjBgJg1PLk5LXGCrYgg9G0l/view?usp=drive_link,
West Indies	,2012,Home,Dark maroon with yellow collar and tribal pattern detailing,Blue and green ,Admiral,Digicel,Sri Lanka,T20 Cricket World Cup,CWI,T20,,Darren Sammy,"Chris Gayle, Sunil Narine, Kieron Pollard, Darren Sammy",https://drive.google.com/file/d/1UjB_ImG1qHtRtw-j9RWwTSXmcoeKo1Oe/view?usp=drive_link,,,https://drive.google.com/file/d/18QTZvQ6yLqjBgJg1PLk5LXGCrYgg9G0l/view?usp=drive_link,
West Indies	,2014,Home,Maroon with bold orange diagonal stripes and logo,,Admiral,Digicel,Bangladesh,T20 Cricket World Cup,CWI,T20,,Darren Sammy,"Chris Gayle, Dwayne Bravo, Lendl Simmons, Samuel Badree",,,,https://drive.google.com/file/d/18QTZvQ6yLqjBgJg1PLk5LXGCrYgg9G0l/view?usp=drive_link,
West Indies	,2016,Home,Dark maroon with yellow and white curved stripes on sleeves,Maroon and yellow,Joma,Digicel,India,T20 Cricket World Cup,CWI,T20,,Darren Sammy,"Chris Gayle, Andre Russell, Dwayne Bravo, Samuel Badree",https://drive.google.com/file/d/10bOYvNi2zstpn7y6e64-Cto1phuFnKHZ/view?usp=drivesdk,,,https://drive.google.com/file/d/18QTZvQ6yLqjBgJg1PLk5LXGCrYgg9G0l/view?usp=drive_link,
West Indies        ,2021,Home,Maroon with flame-like orange and yellow pattern on chest,Maroon and yellow,Castore,Apex Group Ltd.,UAE & Oman,T20 Cricket World Cup,CWI,T20,,Kieron Pollard,"Chris Gayle, Kieron Pollard, Andre Russell, Nicholas Pooran",https://drive.google.com/file/d/1L8npMIs_eBz8dX29fVOzMIseJeKZFnwd/view?usp=drivesdk,,,https://drive.google.com/file/d/18QTZvQ6yLqjBgJg1PLk5LXGCrYgg9G0l/view?usp=drive_link,
West Indies        ,2022,Home,Bright maroon with subtle gold pattern and modern fit,Yellow and marron ,Castore,Seagram’s Royal Stag,Australia,T20 Cricket World Cup,CWI,T20,,Nicholas Pooran,"Nicholas Pooran, Rovman Powell, Jason Holder, Akeal Hosein",https://drive.google.com/file/d/1qmxwwdyRSKu-c181xYa-ZtFU2LQ9_pOA/view?usp=drivesdk,,,https://drive.google.com/file/d/18QTZvQ6yLqjBgJg1PLk5LXGCrYgg9G0l/view?usp=drive_link,
West Indies        ,2024,Home,Maroon with orange-yellow chest panel and tournament branding,Yellow and marron ,Macron,Apex Group Ltd,USA & West Indies,T20 Cricket World Cup,CWI,T20,,Rovman Powell,"Rovman Powell, Nicholas Pooran, Andre Russell, Alzarri Joseph",https://drive.google.com/file/d/13OJJhQjEmjugtkUXPDA0mRI1sRmbWMN4/view?usp=drive_link,,,https://drive.google.com/file/d/18QTZvQ6yLqjBgJg1PLk5LXGCrYgg9G0l/view?usp=drive_link,
,,,,,,,,,,,,,,,,,,
,,,,,,,,,,,,,,,,,,
Zimbabwe,2007,Home,Red base with black,Red and black,Ihsan Sports,African Sun,South Africa,T20 Cricket World Cup,ZC,T20,,Prosper Utseya,"Brendan Taylor, Tatenda Taibu, Elton Chigumbura, Prosper Utseya",https://drive.google.com/file/d/1gCjm3DXfGVTwXUuMyhwjmZXoVxQyjRl4/view?usp=drive_link,,,https://drive.google.com/file/d/1GZUn8MlHxjyxWTCuvsGVjGlK0fUxtz7a/view?usp=drive_link,
Zimbabwe,2009,Home,,,Faith Wear,African Sun,England,T20 Cricket World Cup,ZC,T20,,Prosper Utseya,"Brendan Taylor, Tatenda Taibu, Elton Chigumbura, Hamilton Masakadza",,,,https://drive.google.com/file/d/1GZUn8MlHxjyxWTCuvsGVjGlK0fUxtz7a/view?usp=drive_link,
Zimbabwe,2010,Home,,Red ,Reebok,CBZ Limited,West Indies,T20 Cricket World Cup,ZC,T20,,Brendan Taylor,"Brendan Taylor, Charles Coventry, Graeme Cremer, Prosper Utseya",https://drive.google.com/file/d/17Q-3Ler1UPUV_5G6XN3gN2x2oCZyfDEG/view?usp=drive_link,,,https://drive.google.com/file/d/1GZUn8MlHxjyxWTCuvsGVjGlK0fUxtz7a/view?usp=drive_link,
Zimbabwe,2012,Home,,Red ,Reebok,CBZ Limited,Sri Lanka,T20 Cricket World Cup,ZC,T20,,Brendan Taylor,"Brendan Taylor, Hamilton Masakadza, Elton Chigumbura, Kyle Jarvis",https://drive.google.com/file/d/1CJv8LDGliXQiPpRhjWVFavtdK2gl9y0m/view?usp=drive_link,,,https://drive.google.com/file/d/1GZUn8MlHxjyxWTCuvsGVjGlK0fUxtz7a/view?usp=drive_link,
Zimbabwe,2014,Home,,Red ,Reebok,CBZ Limited,Bangladesh,T20 Cricket World Cup,ZC,T20,,Hamilton Masakadza,"Brendan Taylor, Hamilton Masakadza, Sean Williams, Sikandar Raza",https://drive.google.com/file/d/1eu3s9hgUYv5utdh6FHdDlt1Td5qT28bv/view?usp=drive_link,,,https://drive.google.com/file/d/1GZUn8MlHxjyxWTCuvsGVjGlK0fUxtz7a/view?usp=drive_link,
Zimbabwe,2016,Home,Red with yellow stitching and flared shoulder,Red ,Reebok,CBZ Limited,Australia,T20 Cricket World Cup,ZC,T20,,Craig Ervine,"Sikandar Raza, Sean Williams, Regis Chakabva, Blessing Muzarabani",https://drive.google.com/file/d/15OOoqOTXW2vUqkp0U6ic6jfu-8EZz9bN/view?usp=drive_link,,,https://drive.google.com/file/d/1GZUn8MlHxjyxWTCuvsGVjGlK0fUxtz7a/view?usp=drive_link,
Zimbabwe,2022,Home,"Yellow shirt with red shoulders/collar, chevron-style",Yellow and red,Ihsan Sports,Zim Cyber City,USA & West Indies,T20 Cricket World Cup,ZC,T20,,Craig Ervine,"Sikandar Raza, Sean Williams, Blessing Muzarabani, Craig Ervine",https://drive.google.com/file/d/1AC6syJqMfK-0iIoVXwIny5o389GvIPgd/view?usp=drive_link,,,https://drive.google.com/file/d/1GZUn8MlHxjyxWTCuvsGVjGlK0fUxtz7a/view?usp=drive_link,
,,,,,,,,,,,,,,,,,,
Afghanistan,2010,Home,"Grey with black, red, green|Simple style with flag-colored trims.",Blue and red,Ihsan,Supreme,West Indies,T20 Cricket World Cup,ACB,T20,,Nowroz Mangal,"Mohammad Nabi, Hamid Hassan, Karim Sadiq, Noor Ali Zadran",https://drive.google.com/file/d/1OkyZM09M1fXNijNWQV-UwV606jP3iLYv/view?usp=drive_link,,,https://drive.google.com/file/d/13KtYYc4TT-Hw7YAiuAEUTTy8VBVBlS9T/view?usp=drive_link,
Afghanistan,2012,Home,grey and black with white dots,grey and black,Tyka Sports,Etisalat,Sri Lanka,T20 Cricket World Cup,ACB,T20,,Nawroz Mangal,"Mohammad Nabi, Asghar Afghan, Hamid Hassan, Samiullah Shenwari",https://drive.google.com/file/d/1To1QNvZ5pfVxbffeI9bDqjds-ogVOKDD/view?usp=drive_link,,,https://drive.google.com/file/d/13KtYYc4TT-Hw7YAiuAEUTTy8VBVBlS9T/view?usp=drive_link,
Afghanistan,2014,Home,"Blue with red, green|Side and shoulder accents ",Blue,Hunt,Hunt,Bangladesh,T20 Cricket World Cup,ACB,T20,,Mohammad Nabi,"Mohammad Nabi, Asghar Afghan, Shapoor Zadran, Samiullah Shenwari",,,,https://drive.google.com/file/d/13KtYYc4TT-Hw7YAiuAEUTTy8VBVBlS9T/view?usp=drive_link,
Afghanistan,2016,Home,"Blue with flag colors|Clean  red, black, green on shoulders and sides.",Blue and red,CA,AGC,India,T20 Cricket World Cup,ACB,T20,,Asghar Afghan,"Mohammad Nabi, Rashid Khan, Mohammad Shahzad, Asghar Afghan",https://drive.google.com/file/d/123MjF6Qem4a2RfpyT94sPcrrqVL4hKt8/view?usp=drive_link,,,https://drive.google.com/file/d/13KtYYc4TT-Hw7YAiuAEUTTy8VBVBlS9T/view?usp=drive_link,
Afghanistan,2021,Home,"Sky blue with red, yellow design with light tones ",Red and black,Tyka Sports,Sediki Grup,UAE & Oman,T20 Cricket World Cup,ACB,T20,,Mohammad Nabi,"Mohammad Nabi, Rashid Khan, Mohammad Shahzad, Mujeeb Ur Rahman",https://drive.google.com/file/d/1t1_gv5ZiFGDAlUtB26jXtkAjEnz87vub/view?usp=drive_link,https://drive.google.com/file/d/1JrkZhIscvP-a6-pDFJG2ZSvW52seSc2i/view?usp=drive_link,,https://drive.google.com/file/d/13KtYYc4TT-Hw7YAiuAEUTTy8VBVBlS9T/view?usp=drive_link,
Afghanistan,2021,Away,red with blue sleves,Red and blue,Tyka Sports,Sediki Grup,UAE & Oman,T20 Cricket World Cup,ACB,ACB,,Mohammad Nabi,"Mohammad Nabi, Rashid Khan, Mohammad Shahzad, Mujeeb Ur Rahman",,,,https://drive.google.com/file/d/13KtYYc4TT-Hw7YAiuAEUTTy8VBVBlS9T/view?usp=drive_link,
Afghanistan,2022,Home,"Bright blue with dark stripes|Striped chest, red panels",Blue ,Tyka Sports,Super Cola.,Australia,T20Cricket World Cup ,ACB,T20,,Mohammad Nabi,"Mohammad Nabi, Rashid Khan, Hazratullah Zazai, Mujeeb Ur Rahman",,,,https://drive.google.com/file/d/13KtYYc4TT-Hw7YAiuAEUTTy8VBVBlS9T/view?usp=drive_link,
Afghanistan,2024,Home,"Lapis blue with red, white|Cultural motifs, wheat symbols",Blue,Adidas,Etisalat,USA & West Indies,T20Cricket World Cup ,ACB,T20,,Rashid Khan,"Rashid Khan, Mohammad Nabi, Rahmanullah Gurbaz, Mujeeb Ur Rahman",https://drive.google.com/file/d/10IxdvCXzbcEO4gg8AjrvMwOfC1yqgY1C/view?usp=drive_link,,,https://drive.google.com/file/d/13KtYYc4TT-Hw7YAiuAEUTTy8VBVBlS9T/view?usp=drive_link,
,,,,,,,,,,,,,,,,,,
,,,,,,,,,,,,,,,,,,
,,,,,,,,,,,,,,,,,,
Ireland,2009,Home,Lawn green with navy|Simple kit with white “IRELAND” text and navy sleeves/collar.,green ,O'Neills,RSA,England,T20 Cricket World Cup,Cricket Ireland,T20,,William Porterfield,"William Porterfield, Niall O'Brien, Trent Johnston, Boyd Rankin",,,,https://drive.google.com/file/d/11ZyyxJHhZIVUelcfXPukRxq5J-m99o3T/view?usp=drive_link,
Ireland,2010,Home,"Emerald green with navy|Basic design, dark trim on sides and shoulders.",green ,O'Neills,RSA,West Indies,T20 Cricket World Cup,Cricket Ireland,T20,,William Porterfield,"William Porterfield, Kevin O'Brien, Niall O'Brien, George Dockrell",https://drive.google.com/file/d/1sUH2GZcOYEWSJTcTTJacUJiYgiS9c_lw/view?usp=drive_link,,,https://drive.google.com/file/d/11ZyyxJHhZIVUelcfXPukRxq5J-m99o3T/view?usp=drive_link,
Ireland,2012,Home,"Green with navy|Classic layout, clean finish with light sponsor details.",green and black,O'Neills,RSA,Sri Lanka,T20 Cricket World Cup,Cricket Ireland,T20,,William Porterfield,"William Porterfield, Kevin O'Brien, George Dockrell, Ed Joyce",,,,https://drive.google.com/file/d/11ZyyxJHhZIVUelcfXPukRxq5J-m99o3T/view?usp=drive_link,
Ireland,2014,Home,"Bright green with navy|Modern fabric, plain green base with navy detailing.",orange,O'Neills,surridge,Bangladesh,T20 Cricket World Cup,Cricket Ireland,T20,,William Porterfield,"William Porterfield, Kevin O'Brien, Paul Stirling, George Dockrell",https://drive.google.com/file/d/1wC76BuSowDvaSi79mxLw3_RaA_RfEB3U/view?usp=drive_link,,,https://drive.google.com/file/d/11ZyyxJHhZIVUelcfXPukRxq5J-m99o3T/view?usp=drive_link,
Ireland,2016,Home,"Deep green with navy|Simple contrast trim, bold white lettering.",green and black,irelandcom,O'Neills,India,T20 Cricket World Cup,Cricket Ireland,T20,,William Porterfield,"Kevin O'Brien, Paul Stirling, George Dockrell, Andy Balbirnie",https://drive.google.com/file/d/1sSYd9IiMIviCrMBq0n8tKRST2-W1PRkK/view?usp=drive_link,,,https://drive.google.com/file/d/11ZyyxJHhZIVUelcfXPukRxq5J-m99o3T/view?usp=drive_link,
Ireland,2021,Home,"Gradient green with navy|Light-to-dark green fade, navy collar and shoulders.",green ,O'Neills,Exchange22,UAE & Oman,T20 Cricket World Cup,Cricket Ireland,T20,,Andy Balbirnie,"Paul Stirling, Andy Balbirnie, Curtis Campher, Mark Adair",https://drive.google.com/file/d/1E4p-q1lff1dqgf9Ke1-DHx5LFoFlf3I9/view?usp=drive_link,,,https://drive.google.com/file/d/11ZyyxJHhZIVUelcfXPukRxq5J-m99o3T/view?usp=drive_link,
Ireland,2022,Home,"Bright green with navy|Minimal patterns, traditional look.",green ,O'Neills,Amul,Australia,T20 Cricket World Cup,Cricket Ireland,T20,,Andy Balbirnie,"Paul Stirling, Andy Balbirnie, Josh Little, Harry Tector",https://drive.google.com/file/d/1XWSP1qHV0rKqBsr_YJJtcw-nw6-BN0x5/view?usp=drive_link,,,https://drive.google.com/file/d/11ZyyxJHhZIVUelcfXPukRxq5J-m99o3T/view?usp=drive_link,
Ireland,2024,Home,"Rich green with Celtic motifs|Celtic designs, shamrock details, navy panels",dark green ,Macron.,Nandini,USA & West Indies,T20 Cricket World Cup,Cricket Ireland,T20,,Andy Balbirnie,"Paul Stirling, Andy Balbirnie, Harry Tector, Josh Little",https://drive.google.com/file/d/1kvGIiQOjhfcKZ4gC6sMjRqIboalF9Rsq/view?usp=drive_link,https://drive.google.com/file/d/14pk6WXAQFsIa7ELeDjQyMCQyHWb20EN4/view?usp=drive_link,,https://drive.google.com/file/d/11ZyyxJHhZIVUelcfXPukRxq5J-m99o3T/view?usp=drive_link,
,,,,,,,,,,,,,,,,,,
,,,,,,,,,,,,,,,,,,
Uganda,2024,HOME,yellow and red pattern on shoulders ,Yellow,UCA,LycaMobile ,USA & West Indies,T20 Cricket World Cup,UCA,T20,,Brian Masaba,"Simon Ssesazi, Riazat Ali Shah, Alpesh Ramjani, Henry Ssenyondo",https://drive.google.com/file/d/1eqVodXjlvwBCwlpSt8Rt5FXr79PM1913/view?usp=drive_link,,,https://drive.google.com/file/d/15zTt2dRtoIpgBc7o4wB6wbkQdTjOPgHc/view?usp=drive_link,
,,,,,,,,,,,,,,,,,,
,,,,,,,,,,,,,,,,,,
Oman,2016,Home,Red and green flames ,Red,BDM cricket,Omantel,India,T20 Cricket World Cup,OCB,T20,,Sultan Ahmed,"Aqib Ilyas, Zeeshan Maqsood, Kashyap Prajapati, Pratik Athavale, Ayaan Khan",https://drive.google.com/file/d/1f64wH0coARdnUzFB4BrSXNc1amoD5TKf/view?usp=drive_link,,,https://drive.google.com/file/d/1LpZHUtNTvYz9DClAjLVwW_-q8ak2b_vf/view?usp=drive_link,
Oman,2021,Home,Red and green flames ,Red,T!0 sports,Omantel,UAE & Oman,T20 Cricket World Cup,OCB,T20,,Zeeshan Maqsood,"Aqib Ilyas, Zeeshan Maqsood, Kashyap Prajapati, Pratik Athavale, Ayaan Khan",https://drive.google.com/file/d/10KxiCC5Qusk_xLwWPI5GQbRl2y4R7aSK/view?usp=drive_link,,,https://drive.google.com/file/d/1LpZHUtNTvYz9DClAjLVwW_-q8ak2b_vf/view?usp=drive_link,
Oman,2024,Home,Red and green flames ,Red,Omtex Sports,Omantel,USA & West Indies,T20 Cricket World Cup,OCB,T20,,Aqib Ilyas,"Aqib Ilyas, Zeeshan Maqsood, Kashyap Prajapati, Pratik Athavale, Ayaan Khan",https://drive.google.com/file/d/11Gu9TZJCVSglmCvHh5pJ8jPH0n3R3gI1/view?usp=drive_link,https://drive.google.com/file/d/1P_2CZOW7vYUabEiKkPWdazos9l6BG1Oi/view?usp=drive_link,,https://drive.google.com/file/d/1LpZHUtNTvYz9DClAjLVwW_-q8ak2b_vf/view?usp=drive_link,
,,,,,,,,,,,,,,,,,,
,,,,,,,,,,,,,,,,,,
Nambia,2021,Home,black and blue patterns,blue and black,IXU Sport,Ebco Private Limited,UAE & Oman,T20 Cricket World Cup,Cricket Namibia,T20,,Gerhard Erasmus,"Gerhard Erasmus, Zane Green, JJ Smit, Craig Williams, Divan la Cock",https://drive.google.com/file/d/1g47CDtJfAgf-svJLG492DEh3I3inwBLs/view?usp=drive_link,,,https://drive.google.com/file/d/1LAtf1uS4SXatpzBCXTrCzuzzXQM1JUCn/view?usp=drive_link,
Nambia,2022,Home,black with blue collar,black,IXU Sport,Richelieu,Australia,T20 Cricket World Cup,Cricket Namibia,T20,,Gerhard Erasmus,"Gerhard Erasmus, Zane Green, JJ Smit, Craig Williams, Divan la Cock",https://drive.google.com/file/d/1ZFpe31hxUaJbpLG0fTh58UVhPsCq_bsW/view?usp=drive_link,,,https://drive.google.com/file/d/1LAtf1uS4SXatpzBCXTrCzuzzXQM1JUCn/view?usp=drive_link,
Nambia,2024,Home,navy blue shade ,navy blue,IXU Sport,FNB Namibia,USA & West Indies,T20 Cricket World Cup,Cricket Namibia,T20,,Gerhard Erasmus,"Gerhard Erasmus, Zane Green, JJ Smit, Craig Williams, Divan la Cock",https://drive.google.com/file/d/1XhYIB0Q5unA9GllB4DNyABZ1sjzUUDFy/view?usp=drive_link,https://drive.google.com/file/d/1azBCJJhCj6vFYUSnrBzl00IzZafGuYPt/view?usp=drive_link,,https://drive.google.com/file/d/1LAtf1uS4SXatpzBCXTrCzuzzXQM1JUCn/view?usp=drive_link,
,,,,,,,,,,,,,,,,,,
,,,,,,,,,,,,,,,,,,
USA,2024,Home,Dark blue with red shoulder with white stripes,Dark blue and Red,T10 Sports,Amul,USA & West Indies,T20 Cricket World Cup,USA Cricket,T20,,Monank Patel,"Monank Patel, Steven Taylor, Aaron Jones, Ali Khan, Kyle Phillip",https://drive.google.com/file/d/1poz2NTZgGevBpH_alGOw4a6zmOJCxc9O/view?usp=drive_link,,,https://drive.google.com/file/d/1hd9pX-UJ2POC_eie6qE8_og_w9aEiACI/view?usp=drive_link,
,,,,,,,,,,,,,,,,,,
,,,,,,,,,,,,,,,,,,
Nepal,2014,Home,red and blue,blue,BS Sports,,Bangladesh,T20 Cricket World Cup,CAN,T20,,Paras Khadka,"Paras Khadka, Gyanendra Malla, Subash Khakurel, Sharad Vesawkar",https://drive.google.com/file/d/1uhVRxfQzgM68TtDo9JWSMEtOxIk7BSQ2/view?usp=drive_link,,,https://drive.google.com/file/d/1H_0hcFLk12ghadwpYNcSk5dDWgySDk-0/view?usp=drive_link,
Nepal,2024,Home,Navy blue with red colours,navy blue and red ,Kelme,NASA Securities,USA & West Indies,T20 Cricket World Cup,CAN,T20,,Rohit Paudel,"Rohit Paudel, Aasif Sheikh, Anil Kumar Sah, Kushal Bhurtel, Kushal Malla",https://drive.google.com/file/d/1boZuATFoy9pL0wnlqUDsGJ3JQJEuqBgc/view?usp=drive_link,,,https://drive.google.com/file/d/1H_0hcFLk12ghadwpYNcSk5dDWgySDk-0/view?usp=drive_link,
,,,,,,,,,,,,,,,,,,
,,,,,,,,,,,,,,,,,,
,,,,,,,,,,,,,,,,,,
Scotland,2007,Home,,,,,,T20 Cricket World Cup,,T20,,,,https://drive.google.com/file/d/1t29n393TWPFeC6sjDv4Jw3bz-1-pimSf/view?usp=drive_link,,,https://drive.google.com/file/d/10tipYzOgiOlvKMFhDd4mWdkQwWSc0v5f/view?usp=drive_link,
Scotland,2009,Home,,,,,,T20 Cricket World Cup,,T20,,,,https://drive.google.com/file/d/1GONPBYI_BxPsvBsFqEnpuHTp7keEFhMK/view?usp=drive_link,,,https://drive.google.com/file/d/10tipYzOgiOlvKMFhDd4mWdkQwWSc0v5f/view?usp=drive_link,
Scotland,2016,Home,,,,,,T20 Cricket World Cup,,T20,,,,https://drive.google.com/file/d/1a2qOPu5TKAIt64QXA9YoDbKClclkKFJ6/view?usp=drive_link,https://drive.google.com/file/d/1CQ3qRGagKWAqQ829T6yfwxMALUHu79YU/view?usp=drive_link,,https://drive.google.com/file/d/10tipYzOgiOlvKMFhDd4mWdkQwWSc0v5f/view?usp=drive_link,
Scotland,2021,Home,,,,,,T20 Cricket World Cup,,T20,,,,https://drive.google.com/file/d/1PwEH6NAbqXnu-iKLVVSpX_zjJAEm0_MN/view?usp=drive_link,https://drive.google.com/file/d/1EDuyiHmfmVbmzhoOSGJTIpHezG7L49jR/view?usp=drive_link,,https://drive.google.com/file/d/10tipYzOgiOlvKMFhDd4mWdkQwWSc0v5f/view?usp=drive_link,
Scotland,2022,Home,,,,,,T20 Cricket World Cup,,T20,,,,https://drive.google.com/file/d/1EDuyiHmfmVbmzhoOSGJTIpHezG7L49jR/view?usp=drive_link,https://drive.google.com/file/d/1DvKHYDyl3RvxSYnxBEl_uwEgAH_uZzui/view?usp=drive_link,,https://drive.google.com/file/d/10tipYzOgiOlvKMFhDd4mWdkQwWSc0v5f/view?usp=drive_link,
Scotland,2024,Home,,,,,,T20 Cricket World Cup,,T20,,,,https://drive.google.com/file/d/11i0DJlF8oErM9fBUilq1FVh_hFVPo8JX/view?usp=drive_link,https://drive.google.com/file/d/1LgxnZtWJGCydWDNtz7sOi1I3vq9E1mIh/view?usp=drive_link,,https://drive.google.com/file/d/10tipYzOgiOlvKMFhDd4mWdkQwWSc0v5f/view?usp=drive_link,
,,,,,,,,,,,,,,,,,,
,,,,,,,,,,,,,,,,,,
Zimbabwe,2007,Home,,,,,,T20 Cricket World Cup,,T20,,,,https://drive.google.com/file/d/1gCjm3DXfGVTwXUuMyhwjmZXoVxQyjRl4/view?usp=drive_link,,,https://drive.google.com/file/d/1GZUn8MlHxjyxWTCuvsGVjGlK0fUxtz7a/view?usp=drive_link,
Zimbabwe,2010,Home,,,,,,T20 Cricket World Cup,,T20,,,,https://drive.google.com/file/d/17Q-3Ler1UPUV_5G6XN3gN2x2oCZyfDEG/view?usp=drive_link,,,https://drive.google.com/file/d/1GZUn8MlHxjyxWTCuvsGVjGlK0fUxtz7a/view?usp=drive_link,
Zimbabwe,2012,Home,,,,,,T20 Cricket World Cup,,T20,,,,https://drive.google.com/file/d/1CJv8LDGliXQiPpRhjWVFavtdK2gl9y0m/view?usp=drive_link,,,https://drive.google.com/file/d/1GZUn8MlHxjyxWTCuvsGVjGlK0fUxtz7a/view?usp=drive_link,
Zimbabwe,2014,Home,,,,,,T20 Cricket World Cup,,T20,,,,https://drive.google.com/file/d/1eu3s9hgUYv5utdh6FHdDlt1Td5qT28bv/view?usp=drive_link,,,https://drive.google.com/file/d/1GZUn8MlHxjyxWTCuvsGVjGlK0fUxtz7a/view?usp=drive_link,
Zimbabwe,2016,Home,,,,,,T20 Cricket World Cup,,T20,,,,https://drive.google.com/file/d/15OOoqOTXW2vUqkp0U6ic6jfu-8EZz9bN/view?usp=drive_link,,,https://drive.google.com/file/d/1GZUn8MlHxjyxWTCuvsGVjGlK0fUxtz7a/view?usp=drive_link,
Zimbabwe,2022,Home,,,,,,T20 Cricket World Cup,,T20,,,,https://drive.google.com/file/d/1AC6syJqMfK-0iIoVXwIny5o389GvIPgd/view?usp=drive_link,,,https://drive.google.com/file/d/1GZUn8MlHxjyxWTCuvsGVjGlK0fUxtz7a/view?usp=drive_link,