Team,Season,Jersey Type,Design,Color,Brand,Sponsor,League,Nation,Rating,Worn By Player,Image 1,Image 2,Tournament won,Standing,Team Logo,,,,,
Royal Challengers Bengaluru,2026,Home,Red/Black/Gold,Red,PUMA,Qatar Airways,IPL,India,,,,NO,,https://drive.google.com/file/d/1jidOzJoL4Ol8M7NEhgVK1ttKw0yYRSBw/view?usp=sharing, ,,Year,Winner,Runner-Up
Royal Challengers Bengaluru,2025,Home,Red/Black/Gold,Red,PUMA,Qatar Airways,IPL,India,4.3/5,"Virat Kohli, Rajat Patidar, Phil Salt",https://drive.google.com/file/d/1gP0GKDT6ML3Qa1xEPxsfkXL1bmnrR3gK/view?usp=sharing,https://drive.google.com/file/d/1v6qUvyHJHfHmpmZ_K4cCb-BWIvXzozAA/view?usp=sharing,Yes,1,https://drive.google.com/file/d/1jidOzJoL4Ol8M7NEhgVK1ttKw0yYRSBw/view?usp=sharing, ,,Year,Winner,Runner-Up
Royal Challengers Bengaluru,2024,Home,Red/Blue/Gold,Red,PUMA,Qatar Airways,IPL,India,4.3/5,"Virat Kohli, Faf du Plessis, Dinesh Karthik",https://drive.google.com/file/d/12YoSHZW30CNCAw2LwJmLEpz9b6eRX4NJ/view?usp=sharing,,NO,4,https://drive.google.com/file/d/1jidOzJoL4Ol8M7NEhgVK1ttKw0yYRSBw/view?usp=sharing,,,2008,Rajasthan Royals,Chennai Super Kings
Royal Challengers Banglore,2023,Home,Black/Red/Gold,Black,PUMA,Qatar Airways,IPL,India,4.3/5,"Virat Kohli, Faf du Plessis, Mohammed Siraj",https://drive.google.com/file/d/19y3hyUokfabDV1pRURKyWdkEYgxU6J5H/view?usp=sharing,,NO,6,https://drive.google.com/file/d/1Qhrl-FfC-zi962J8hpeMi-4wRMeqs3J_/view?usp=sharing,,,2009,Deccan Chargers,Royal Challengers Bangalore
Royal Challengers Banglore,2022,Home,Red/Black/Gold,Red,PUMA,Muthoot Fincorp,IPL,India,4.3/5,"Virat Kohli, Faf du Plessis, Wanindu Hasaranga",https://drive.google.com/file/d/1a5jdjrbo1g8_NnXg0UZPqpGclAzuZ02Q/view?usp=sharing,,NO,3,https://drive.google.com/file/d/1Qhrl-FfC-zi962J8hpeMi-4wRMeqs3J_/view?usp=sharing,,,2010,Chennai Super Kings,Mumbai Indians
Royal Challengers Banglore,2021,Home,Red/Black/Gold,Red,PUMA,Muthoot Fincorp,IPL,India,4.3/5,"Virat Kohli, Glenn Maxwell, Harshal Patel",https://drive.google.com/file/d/1X3l1HhBLQ5kUTjjqyFY3zToghSv-NR3_/view?usp=sharing,,NO,4,https://drive.google.com/file/d/1Qhrl-FfC-zi962J8hpeMi-4wRMeqs3J_/view?usp=sharing,,,2011,Chennai Super Kings,Royal Challengers Bangalore
Royal Challengers Banglore,2020,Home,Red/Black/Gold,Red,Wrogn,Muthoot Fincorp,IPL,India,4.3/5,"Virat Kohli, AB de Villiers, Devdutt Padikkal",https://drive.google.com/file/d/1Q1c7pUqePq4_Ga_bWQc8vl9Dx_cvYhf2/view?usp=sharing,,NO,4,https://drive.google.com/file/d/1Qhrl-FfC-zi962J8hpeMi-4wRMeqs3J_/view?usp=sharing,,,2012,Kolkata Knight Riders,Chennai Super Kings
Royal Challengers Banglore,2019,Home,Red/Black/Gold,Red,Zeven,Wrogn,IPL,India,4.3/5,"Virat Kohli, AB de Villiers, Yuzvendra Chahal",https://drive.google.com/file/d/1RSCBos39nXiI7_jtWI3h96S7ax6qpWiN/view?usp=sharing,,NO,8,https://drive.google.com/file/d/1Qhrl-FfC-zi962J8hpeMi-4wRMeqs3J_/view?usp=sharing,,,2013,Mumbai Indians,Chennai Super Kings
Royal Challengers Banglore,2018,Home,Red/Black/Gold,Red,Zeven,Eros Now,IPL,India,4.3/5,"Virat Kohli, AB de Villiers, Umesh Yadav",https://drive.google.com/file/d/18uFYm6ZRApW3gJyFlAu8MFQKGwjqCxzm/view?usp=sharing,,NO,6,https://drive.google.com/file/d/1Qhrl-FfC-zi962J8hpeMi-4wRMeqs3J_/view?usp=sharing,,,2014,Kolkata Knight Riders,Kings XI Punjab
Royal Challengers Banglore,2017,Home,Red/Black/Gold,Red,Zeven,Gionee,IPL,India,4.3/5,"Virat Kohli, AB de Villiers, Yuzvendra Chahal",https://drive.google.com/file/d/1RL-Wf2i4T0RryrJzTRp3e9Z7fFt0Kp7Y/view?usp=sharing,,NO,8,https://drive.google.com/file/d/1Qhrl-FfC-zi962J8hpeMi-4wRMeqs3J_/view?usp=sharing,,,2015,Mumbai Indians,Chennai Super Kings
Royal Challengers Banglore,2016,Home,Red/Black/Gold,Red,Zeven,Hero Cycles,IPL,India,4.3/5,"Virat Kohli, AB de Villiers, KL Rahul",https://drive.google.com/file/d/1c8od51MdV9t108NLQoJxyzSooOxK8TEx/view?usp=sharing,,NO,2,https://drive.google.com/file/d/1Qhrl-FfC-zi962J8hpeMi-4wRMeqs3J_/view?usp=sharing,,,2016,Sunrisers Hyderabad,Royal Challengers Bangalore
Royal Challengers Banglore,2015,Home,Red/Blue/Gold,Red,Adidas,Huawei,IPL,India,4.3/5,"Virat Kohli, AB de Villiers, Mandeep Singh",https://drive.google.com/file/d/1MgUAJaMK1zIME-LjeS8vO7FNbSCe4_q-/view?usp=sharing,,NO,3,https://drive.google.com/file/d/1Qhrl-FfC-zi962J8hpeMi-4wRMeqs3J_/view?usp=sharing,,,2017,Mumbai Indians,Rising Pune Supergiant
Royal Challengers Banglore,2014,Home,Red/Gold/Blue,Red,Reebok,Huawei,IPL,India,4.3/5,"Virat Kohli, AB de Villiers, Yuzvendra Chahal",https://drive.google.com/file/d/1-fYODDwwWw2kEpapBv6JEjIJQYEMSW1M/view?usp=sharing,,NO,7,https://drive.google.com/file/d/1Qhrl-FfC-zi962J8hpeMi-4wRMeqs3J_/view?usp=sharing,,,2018,Chennai Super Kings,Sunrisers Hyderabad
Royal Challengers Banglore,2013,Home,Red/Gold/Blue,Red,Reebok,Mc Dowell's No.1,IPL,India,4.3/5,"Virat Kohli, Chris Gayle, AB de Villiers",https://drive.google.com/file/d/1p17x438RHxnQIncqU-jtV5aTMv3zJs8v/view?usp=sharing,,NO,5,https://drive.google.com/file/d/1Qhrl-FfC-zi962J8hpeMi-4wRMeqs3J_/view?usp=sharing,,,2019,Mumbai Indians,Chennai Super Kings
Royal Challengers Banglore,2012,Home,Red/Gold/Blue,Red,Reebok,Mc Dowell's No.1,IPL,India,4.3/5,"Virat Kohli, Chris Gayle, AB de Villiers",https://drive.google.com/file/d/1zJXvzRzTTt4r9eRVEtYRH3XeCAAuwJRR/view?usp=sharing,,NO,5,https://drive.google.com/file/d/1Qhrl-FfC-zi962J8hpeMi-4wRMeqs3J_/view?usp=sharing,,,2020,Mumbai Indians,Delhi Capitals
Royal Challengers Banglore,2011,Home,Red/Gold/Blue,Red,Reebok,Mc Dowell's No.1,IPL,India,4.3/5,"Virat Kohli, Chris Gayle, AB de Villiers",https://drive.google.com/file/d/1ne0eottS6FV2yC_Q_sSxV5qgmlPRMwB0/view?usp=sharing,,NO,2,https://drive.google.com/file/d/1Qhrl-FfC-zi962J8hpeMi-4wRMeqs3J_/view?usp=sharing,,,2021,Chennai Super Kings,Kolkata Knight Riders
Royal Challengers Banglore,2010,Home,Red/Gold,Red,Reebok,Royal Challenge,IPL,India,4.3/5,"Virat Kohli, Jacques Kallis, Anil Kumble",https://drive.google.com/file/d/1saQ_d1u1o8HI09zkUEHpxya5RDYldRND/view?usp=sharing,,NO,3,https://drive.google.com/file/d/1Qhrl-FfC-zi962J8hpeMi-4wRMeqs3J_/view?usp=sharing,,,2022,Gujarat Titans,Rajasthan Royals
Royal Challengers Banglore,2009,Home,Red/Gold,Red,Reebok,Royal Challenge,IPL,India,4.3/5,"Virat Kohli, Anil Kumble, Rahul Dravid",https://drive.google.com/file/d/1LfIFfg-ME_t1VFXpz43wqnMJtIAHZht3/view?usp=sharing,,NO,2,https://drive.google.com/file/d/1Qhrl-FfC-zi962J8hpeMi-4wRMeqs3J_/view?usp=sharing,,,2023,Chennai Super Kings,Gujarat Titans
Royal Challengers Banglore,2008,Home,Red/Gold,Red,Reebok,Royal Challenge,IPL,India,4.3/5,"Virat Kohli, Rahul Dravid, Jacques Kallis",https://drive.google.com/file/d/1wl5_gqqpHP4TWTyrQzs5YuHcoCMWMiI1/view?usp=sharing,,NO,7,https://drive.google.com/file/d/1Qhrl-FfC-zi962J8hpeMi-4wRMeqs3J_/view?usp=sharing,,,2024,Kolkata Knight Riders,Sunrisers Hyderabad
Royal Challengers Bengaluru,2025,Special,Green/Gold,Green,PUMA,Qatar Airways,IPL,India,4.7/5,"Virat Kohli, Rajat Patidar, Phil Salt",https://drive.google.com/file/d/16TMc9iG-qWI3F9Cka9B73vpfOTRP-kUP/view?usp=sharing,https://drive.google.com/file/d/10O9ipvSwnBoIUjsFO6rL4sWjRFEwSPqr/view?usp=sharing,Yes,1,https://drive.google.com/file/d/1jidOzJoL4Ol8M7NEhgVK1ttKw0yYRSBw/view?usp=sharing,,,2025,Royal Challengers Bangalore,Punjab Kings
Royal Challengers Bengaluru,2024,Special,Green/Gold,Green,PUMA,Qatar Airways,IPL,India,4.7/5,"Virat Kohli, Faf du Plessis, Dinesh Karthik",https://drive.google.com/file/d/1Cz0dTpEnoCwstHGx2JFAiLSDV2_J1vdw/view?usp=sharing,,NO,4,https://drive.google.com/file/d/1jidOzJoL4Ol8M7NEhgVK1ttKw0yYRSBw/view?usp=sharing,,,,,
Royal Challengers Banglore,2023,Special,Green/Gold,Green,PUMA,Qatar Airways,IPL,India,4.7/5,"Virat Kohli, Faf du Plessis, Mohammed Siraj",https://drive.google.com/file/d/1tMSGh5a9d00uLvJDmjtLp5V0MBBntUHW/view?usp=sharing,,NO,6,https://drive.google.com/file/d/1Qhrl-FfC-zi962J8hpeMi-4wRMeqs3J_/view?usp=sharing,,,,,
Royal Challengers Banglore,2022,Special,Green/Gold,Green,PUMA,Muthoot Fincorp,IPL,India,4.7/5,"Virat Kohli, Faf du Plessis, Wanindu Hasaranga",https://drive.google.com/file/d/1KM-yk_zqGNSc38K707x2JfGP67nXuGjN/view?usp=sharing,https://drive.google.com/file/d/1j6v3aMzM0_NWq9gfbC73wS0Fq-oxr1Z_/view?usp=sharing,NO,3,https://drive.google.com/file/d/1Qhrl-FfC-zi962J8hpeMi-4wRMeqs3J_/view?usp=sharing,,,,,
Royal Challengers Banglore,2021,Special,Blue/Black,Blue,PUMA,Muthoot Fincorp,IPL,India,4.9/5,"Virat Kohli, Glenn Maxwell, Harshal Patel",https://drive.google.com/file/d/1KCrDUJnithoos3bQNgZFHVSFRg5UQikc/view?usp=sharing,https://drive.google.com/file/d/1xHk35za9baiXtV0Rpv-lIIHneLdKJWvK/view?usp=sharing,NO,4,https://drive.google.com/file/d/1Qhrl-FfC-zi962J8hpeMi-4wRMeqs3J_/view?usp=sharing,,,,,
Royal Challengers Banglore,2021,Special,Green/Gold,Green,PUMA,Muthoot Fincorp,IPL,India,4.9/5,"Virat Kohli, Glenn Maxwell, Harshal Patel",https://drive.google.com/file/d/1o0jLtONbAEMXVYuZSjxz8AnHex0i5Kd8/view?usp=sharing,,NO,4,https://drive.google.com/file/d/1Qhrl-FfC-zi962J8hpeMi-4wRMeqs3J_/view?usp=sharing,,,,,
Royal Challengers Banglore,2020,Special,Green/Gold,Green,Wrogn,Muthoot Fincorp,IPL,India,4.7/5,"Virat Kohli, AB de Villiers, Devdutt Padikkal",https://drive.google.com/file/d/1-RYlP6Xj4sNPWAnctGr7nWISIz1oqzUV/view?usp=sharing,,NO,4,https://drive.google.com/file/d/1Qhrl-FfC-zi962J8hpeMi-4wRMeqs3J_/view?usp=sharing,,,,,
Royal Challengers Banglore,2019,Special,Green/Gold,Green,Zeven,Wrogn,IPL,India,4.3/5,"Virat Kohli, AB de Villiers, Yuzvendra Chahal",https://drive.google.com/file/d/1z622kkeI_Ij_oWNjX8SayPNZqKcYvAWF/view?usp=sharing,,NO,8,https://drive.google.com/file/d/1Qhrl-FfC-zi962J8hpeMi-4wRMeqs3J_/view?usp=sharing,,,,,
Royal Challengers Banglore,2018,Special,Green/Gold,Green,Zeven,Eros Now,IPL,India,4.3/5,"Virat Kohli, AB de Villiers, Umesh Yadav",https://drive.google.com/file/d/1VBFPhOzITbSMheN2bBjds8S0gXxpvsJ4/view?usp=sharing,,NO,6,https://drive.google.com/file/d/1Qhrl-FfC-zi962J8hpeMi-4wRMeqs3J_/view?usp=sharing,,,,,
Royal Challengers Banglore,2017,Special,Green/Gold,Green,Zeven,Gionee,IPL,India,4.3/5,"Virat Kohli, AB de Villiers, Yuzvendra Chahal",https://drive.google.com/file/d/1w6am8H_nimKRATjt0fHW5vKueymDloUJ/view?usp=sharing,,NO,8,https://drive.google.com/file/d/1Qhrl-FfC-zi962J8hpeMi-4wRMeqs3J_/view?usp=sharing,,,,,
Royal Challengers Banglore,2016,Special,Green/Gold,Green,Zeven,Hero Cycles,IPL,India,4.3/5,"Virat Kohli, AB de Villiers, KL Rahul",https://drive.google.com/file/d/1TN9L6icO5ciBH8WM5Ed2RakRepJkX7RO/view?usp=sharing,,NO,2,https://drive.google.com/file/d/1Qhrl-FfC-zi962J8hpeMi-4wRMeqs3J_/view?usp=sharing,,,,,
Royal Challengers Banglore,2015,Special,Green/Gold,Green,Adidas,Huawei,IPL,India,4.7/5,"Virat Kohli, AB de Villiers, Mandeep Singh",https://drive.google.com/file/d/17dX8sldx3Nv4hgYYQqRYILffJGNnsdWC/view?usp=sharing,,NO,3,https://drive.google.com/file/d/1Qhrl-FfC-zi962J8hpeMi-4wRMeqs3J_/view?usp=sharing,,,,,
Royal Challengers Banglore,2014,Special,Green/Gold,Green,Reebok,Huawei,IPL,India,4.7/5,"Virat Kohli, AB de Villiers, Yuzvendra Chahal",https://drive.google.com/file/d/1BfOTVN2oiGNPl70hMv5U4uyj6-n9v5KD/view?usp=sharing,https://drive.google.com/file/d/1cfu6XFeKio6bT9bAb6_RXZNe_8yxwWoH/view?usp=sharing,NO,7,https://drive.google.com/file/d/1Qhrl-FfC-zi962J8hpeMi-4wRMeqs3J_/view?usp=sharing,,,,,
Royal Challengers Banglore,2013,Special,Green/Gold,Green,Reebok,Mc Dowell's No.1,IPL,India,4.7/5,"Virat Kohli, Chris Gayle, AB de Villiers",https://drive.google.com/file/d/13b6MD7MuVZ2zoImDfEW1lIowcNeYB4-_/view?usp=sharing,https://drive.google.com/file/d/1rfM-IQscv4lgAg-h0a9QXyLtmy3dOCfP/view?usp=sharing,NO,5,https://drive.google.com/file/d/1Qhrl-FfC-zi962J8hpeMi-4wRMeqs3J_/view?usp=sharing,,,,,
Royal Challengers Banglore,2012,Special,Green/Gold,Green,Reebok,Mc Dowell's No.1,IPL,India,4.7/5,"Virat Kohli, Chris Gayle, AB de Villiers",https://drive.google.com/file/d/1T6BzTyIaYOaCdctD8KfNBFImf7OELy0D/view?usp=sharing,https://drive.google.com/file/d/1arilbEOSR4KneF-B5ANA0uCuPvbiohAD/view?usp=sharing,NO,5,https://drive.google.com/file/d/1Qhrl-FfC-zi962J8hpeMi-4wRMeqs3J_/view?usp=sharing,,,,,
Royal Challengers Banglore,2011,Special,Green/Gold,Green,Reebok,Mc Dowell's No.1,IPL,India,4.7/5,"Virat Kohli, Chris Gayle, AB de Villiers",https://drive.google.com/file/d/1Drn2I5fidhScoq690DcZQ_qJovc4-TrV/view?usp=sharing,,NO,2,https://drive.google.com/file/d/1Qhrl-FfC-zi962J8hpeMi-4wRMeqs3J_/view?usp=sharing,,,,,
,,,,,,,,,,,,,,,,,,,,
,,,,,,,,,,,,,,,,,,,,
,,,,,,,,,,,,,,,,,,,,
,,,,,,,,,,,,,,,,,,,,
Chennai Super Kings,2026,Home,Yellow/Blue,Yellow,SEVEN,Etihad Airways,IPL,India,,,,NO,,https://drive.google.com/file/d/1vpZi6ZVHgc-59mIx2pj4V4xYScdrzrQf/view?usp=sharing,,,,,
Chennai Super Kings,2025,Home,Yellow/Blue,Yellow,SEVEN,Etihad Airways ,IPL,India,4.3/5,"MS Dhoni, Ruturaj Gaikwad, Matheesha Pathirana",https://drive.google.com/file/d/1m-DhUKwG0f_7UAQb2dhoDQagqh9CLHMo/view?usp=sharing,,NO,10,https://drive.google.com/file/d/1vpZi6ZVHgc-59mIx2pj4V4xYScdrzrQf/view?usp=sharing,,,,,
Chennai Super Kings,2024,Home,Yellow/Blue,Yellow,SEVEN,TVS Eurogrip,IPL,India,4.3/5,"MS Dhoni, Ruturaj Gaikwad, Shivam Dube",https://drive.google.com/file/d/1nOep5eVdG75IH0OU-SL_abn5f6EYUSEL/view?usp=sharing,,NO,5,https://drive.google.com/file/d/1vpZi6ZVHgc-59mIx2pj4V4xYScdrzrQf/view?usp=sharing,,,,,
Chennai Super Kings,2023,Home,Yellow/Blue,Yellow,SEVEN,TVS Eurogrip,IPL,India,4.3/5,"MS Dhoni, Devon Conway, Ravindra Jadeja",https://drive.google.com/file/d/1lXPWoQp_5i-k5jQ60qSdy1hlNcn0IKQ5/view?usp=sharing,,Yes,1,https://drive.google.com/file/d/1vpZi6ZVHgc-59mIx2pj4V4xYScdrzrQf/view?usp=sharing,,,,,
Chennai Super Kings,2022,Home,Yellow/Blue,Yellow,SEVEN,TVS Eurogrip,IPL,India,4.3/5,"MS Dhoni, Ruturaj Gaikwad, Moeen Ali",https://drive.google.com/file/d/1P7oLGAQZgMi12SYmCxlWKpycey5ZBtXh/view?usp=sharing,,NO,9,https://drive.google.com/file/d/1vpZi6ZVHgc-59mIx2pj4V4xYScdrzrQf/view?usp=sharing,,,,,
Chennai Super Kings,2021,Home,Yellow/Blue,Yellow,SEVEN,Myntra,IPL,India,4.3/5,"MS Dhoni, Faf du Plessis, Ruturaj Gaikwad",https://drive.google.com/file/d/1btnQfswuvhMciKUmaA0XAMLGyVd3NY9O/view?usp=sharing,,Yes,1,https://drive.google.com/file/d/1vpZi6ZVHgc-59mIx2pj4V4xYScdrzrQf/view?usp=sharing,,,,,
Chennai Super Kings,2020,Home,Yellow/Blue,Yellow,SEVEN,Muthoot Group,IPL,India,4.3/5,"MS Dhoni, Sam Curran, Faf du Plessis",https://drive.google.com/file/d/1IHOXG3vduWg8rpJeL5XIMi_pWZg2qORR/view?usp=sharing,,NO,7,https://drive.google.com/file/d/1vpZi6ZVHgc-59mIx2pj4V4xYScdrzrQf/view?usp=sharing,,,,,
Chennai Super Kings,2019,Home,Yellow/Blue,Yellow,SEVEN,Muthoot Group,IPL,India,4.3/5,"MS Dhoni, Imran Tahir, Deepak Chahar",https://drive.google.com/file/d/1IHOXG3vduWg8rpJeL5XIMi_pWZg2qORR/view?usp=sharing,,NO,2,https://drive.google.com/file/d/1vpZi6ZVHgc-59mIx2pj4V4xYScdrzrQf/view?usp=sharing,,,,,
Chennai Super Kings,2018,Home,Yellow/Blue,Yellow,SEVEN,Muthoot Group,IPL,India,4.3/5,"MS Dhoni, Shane Watson, Ambati Rayudu",https://drive.google.com/file/d/1IHOXG3vduWg8rpJeL5XIMi_pWZg2qORR/view?usp=sharing,,Yes,1,https://drive.google.com/file/d/1vpZi6ZVHgc-59mIx2pj4V4xYScdrzrQf/view?usp=sharing,,,,,
Chennai Super Kings,2017,Home,-,-,-,-,-,-,-,Suspended,-,,NO,Suspended,https://drive.google.com/file/d/1vpZi6ZVHgc-59mIx2pj4V4xYScdrzrQf/view?usp=sharing,,,,,
Chennai Super Kings,2016,Home,-,-,-,-,-,-,-,Suspended,-,,NO,Suspended,https://drive.google.com/file/d/1vpZi6ZVHgc-59mIx2pj4V4xYScdrzrQf/view?usp=sharing,,,,,
Chennai Super Kings,2015,Home,Yellow/Blue,Yellow,Spartan,Aircel,IPL,India,4.3/5,"MS Dhoni, Brendon McCullum, Dwayne Bravo",https://drive.google.com/file/d/1DZjHerxpsmyOmJa6xXQN9UwA95ioxYLg/view?usp=sharing,,NO,2,https://drive.google.com/file/d/1vpZi6ZVHgc-59mIx2pj4V4xYScdrzrQf/view?usp=sharing,,,,,
Chennai Super Kings,2014,Home,Yellow/Blue,Yellow,Reebok,Aircel,IPL,India,4.3/5,"MS Dhoni, Suresh Raina, Dwayne Smith",https://drive.google.com/file/d/1HelqwaPZmX1nqsDnpbfuXvwMgjwh-c3G/view?usp=sharing,,NO,3,https://drive.google.com/file/d/1vpZi6ZVHgc-59mIx2pj4V4xYScdrzrQf/view?usp=sharing,,,,,
Chennai Super Kings,2013,Home,Yellow/Blue,Yellow,Reebok,Aircel,IPL,India,4.3/5,"MS Dhoni, Michael Hussey, Suresh Raina",https://drive.google.com/file/d/1HelqwaPZmX1nqsDnpbfuXvwMgjwh-c3G/view?usp=sharing,,NO,2,https://drive.google.com/file/d/1vpZi6ZVHgc-59mIx2pj4V4xYScdrzrQf/view?usp=sharing,,,,,
Chennai Super Kings,2012,Home,Yellow/Blue,Yellow,Reebok,Aircel,IPL,India,4.3/5,"MS Dhoni, Suresh Raina, Albie Morkel",https://drive.google.com/file/d/1HelqwaPZmX1nqsDnpbfuXvwMgjwh-c3G/view?usp=sharing,,NO,2,https://drive.google.com/file/d/1vpZi6ZVHgc-59mIx2pj4V4xYScdrzrQf/view?usp=sharing,,,,,
Chennai Super Kings,2011,Home,Yellow/Blue,Yellow,Reebok,Aircel,IPL,India,4.3/5,"MS Dhoni, Mike Hussey, R Ashwin",https://drive.google.com/file/d/1HelqwaPZmX1nqsDnpbfuXvwMgjwh-c3G/view?usp=sharing,,Yes,1,https://drive.google.com/file/d/1vpZi6ZVHgc-59mIx2pj4V4xYScdrzrQf/view?usp=sharing,,,,,
Chennai Super Kings,2010,Home,Yellow/Blue,Yellow,Reebok,Aircel,IPL,India,4.3/5,"MS Dhoni, Murali Vijay, Doug Bollinger",https://drive.google.com/file/d/17qxLCxy_-pYAyuVGsNGUKuppJVhcaxOe/view?usp=sharing,,Yes,1,https://drive.google.com/file/d/1vpZi6ZVHgc-59mIx2pj4V4xYScdrzrQf/view?usp=sharing,,,,,
Chennai Super Kings,2009,Home,Yellow/Blue,Yellow,Reebok,Aircel,IPL,India,4.3/5,"MS Dhoni, Matthew Hayden, Suresh Raina",https://drive.google.com/file/d/17qxLCxy_-pYAyuVGsNGUKuppJVhcaxOe/view?usp=sharing,,NO,4,https://drive.google.com/file/d/1vpZi6ZVHgc-59mIx2pj4V4xYScdrzrQf/view?usp=sharing,,,,,
Chennai Super Kings,2008,Home,Yellow/Blue,Yellow,Reebok,Aircel,IPL,India,4.3/5,"MS Dhoni, Matthew Hayden, Muttiah Muralitharan",https://drive.google.com/file/d/17qxLCxy_-pYAyuVGsNGUKuppJVhcaxOe/view?usp=sharing,,NO,2,https://drive.google.com/file/d/1vpZi6ZVHgc-59mIx2pj4V4xYScdrzrQf/view?usp=sharing,,,,,
,,,,,,,,,,,,,,,,,,,,
,,,,,,,,,,,,,,,,,,,,
Rajasthan Royals,2026,Home,Pink/Navy Blue/Gold,Pink,FanCode,Luminous,IPL,India,,,,NO,,https://drive.google.com/file/d/1SdEckwDKMyENecYU-ktp74jTFStveN68/view?usp=sharing,,,,,
Rajasthan Royals,2025,Home,Pink/Navy Blue/Gold,Pink,FanCode,Luminous,IPL,India,4.0/5,"Sanju Samson, Yashasvi Jaiswal, Vaibhav Suryavanshi",https://drive.google.com/file/d/1jhk3G1MLt6naQCENgbP9Icx85t7ZqNcX/view?usp=sharing,,NO,9,https://drive.google.com/file/d/1SdEckwDKMyENecYU-ktp74jTFStveN68/view?usp=sharing,,,,,
Rajasthan Royals,2024,Home,Pink/Blue/Gold,Pink,ALCIS,Luminous,IPL,India,4.0/5,"Sanju Samson, Jos Buttler, Yashasvi Jaiswal",https://drive.google.com/file/d/1rVo2PSwbso4q-mNPw4-p6Ce4pRBp5tbw/view?usp=sharing,,NO,8,https://drive.google.com/file/d/1SdEckwDKMyENecYU-ktp74jTFStveN68/view?usp=sharing,,,,,
Rajasthan Royals,2023,Home,Pink/Dark Blue,Pink,ALCIS,Luminous,IPL,India,4.1/5,"Sanju Samson, Jos Buttler, Yuzvendra Chahal",https://drive.google.com/file/d/1JhfyiGWtNSFGqNezNpyYQ7PJsrwVfW-B/view?usp=sharing,,NO,5,https://drive.google.com/file/d/1SdEckwDKMyENecYU-ktp74jTFStveN68/view?usp=sharing,,,,,
Rajasthan Royals,2022,Home,Pink/Blue,Pink,ALCIS,Happilo,IPL,India,4.0/5,"Sanju Samson, Jos Buttler, Yuzvendra Chahal",https://drive.google.com/file/d/1MiPc7azRJsjUhZH6paYDghvbh5fwfrnN/view?usp=sharing,,NO,2,https://drive.google.com/file/d/1SdEckwDKMyENecYU-ktp74jTFStveN68/view?usp=sharing,,,,,
Rajasthan Royals,2021,Home,Pink/Blue,Pink,ALCIS,Dubai Expo 2021,IPL,India,4.0/5,"Sanju Samson, Jos Buttler, Chris Morris",https://drive.google.com/file/d/1op0D8NkGOPkzmoyBkpj334kVbMUrzFt5/view?usp=sharing,,NO,7,https://drive.google.com/file/d/1SdEckwDKMyENecYU-ktp74jTFStveN68/view?usp=sharing,,,,,
Rajasthan Royals,2020,Home,Pink/Blue,Pink,ALCIS,EV 9,IPL,India,4.0/5,"Sanju Samson, Jofra Archer, Steve Smith",https://drive.google.com/file/d/1IkDWd2bja88adhCZnwwqP8rte_fBgIwX/view?usp=sharing,,NO,8,https://drive.google.com/file/d/1SdEckwDKMyENecYU-ktp74jTFStveN68/view?usp=sharing,,,,,
Rajasthan Royals,2019,Home,Pink/Blue,Pink,ALCIS,JK Lakshmi Cement,IPL,India,4.1/5,"Sanju Samson, Ajinkya Rahane, Jofra Archer",https://drive.google.com/file/d/17ZvVRemcQ2eKP1SE7y9_wgRTlIclyO9j/view?usp=sharing,,NO,7,https://drive.google.com/file/d/1SdEckwDKMyENecYU-ktp74jTFStveN68/view?usp=sharing,,,,,
Rajasthan Royals,2018,Home,Blue/Gold,Blue,TYKA,JK Lakshmi Cement,IPL,India,4.0/5,"Sanju Samson, Shane Watson, Ajinkya Rahane",https://drive.google.com/file/d/1qK1nHPyx7Hc1Jp2xobOcv_BpTVmnGH_D/view?usp=sharing,,NO,4,https://drive.google.com/file/d/1SdEckwDKMyENecYU-ktp74jTFStveN68/view?usp=sharing,,,,,
Rajasthan Royals,2017,Home,-,-,-,-,-,-,-,Suspended,-,,NO,Suspended,https://drive.google.com/file/d/1SdEckwDKMyENecYU-ktp74jTFStveN68/view?usp=sharing,,,,,
Rajasthan Royals,2016,Home,-,-,-,-,-,-,-,Suspended,-,,NO,Suspended,https://drive.google.com/file/d/1SdEckwDKMyENecYU-ktp74jTFStveN68/view?usp=sharing,,,,,
Rajasthan Royals,2015,Home,Blue/Gold,Blue,Provogue,UltraTech Cement,IPL,India,4.0/5,"Shane Watson, Ajinkya Rahane, Sanju Samson ",https://drive.google.com/file/d/1OdlQLXsGI8qNakdvPL2U3PBCaBx3riCl/view?usp=sharing,https://drive.google.com/file/d/1xVZMHIbtNLIowGzDwg4-zej6f5HtnNlz/view?usp=sharing,NO,4,https://drive.google.com/file/d/1SdEckwDKMyENecYU-ktp74jTFStveN68/view?usp=sharing,,,,,
Rajasthan Royals,2014,Home,Blue/Gold,Blue,Puma,UltraTech Cement,IPL,India,4.1/5,"Shane Watson, Ajinkya Rahane, Sanju Samson",https://drive.google.com/file/d/1xVZMHIbtNLIowGzDwg4-zej6f5HtnNlz/view?usp=sharing,,NO,5,https://drive.google.com/file/d/1SdEckwDKMyENecYU-ktp74jTFStveN68/view?usp=sharing,,,,,
Rajasthan Royals,2013,Home,Blue/Gold,Blue,Puma,UltraTech Cement,IPL,India,4.0/5,"Shane Watson, Ajinkya Rahane, Sanju Samson",https://drive.google.com/file/d/1KmWANZE4MjaPeM1FiY6Wez2x9uCLcSMM/view?usp=sharing,,NO,3,https://drive.google.com/file/d/1SdEckwDKMyENecYU-ktp74jTFStveN68/view?usp=sharing,,,,,
Rajasthan Royals,2012,Home,Blue/Gold,Blue,Puma,UltraTech Cement,IPL,India,4.0/5,"Shane Watson, Ajinkya Rahane, Brad Hogg",https://drive.google.com/file/d/1KmWANZE4MjaPeM1FiY6Wez2x9uCLcSMM/view?usp=sharing,,NO,7,https://drive.google.com/file/d/1SdEckwDKMyENecYU-ktp74jTFStveN68/view?usp=sharing,,,,,
Rajasthan Royals,2011,Home,Blue/Gold,Blue,Puma,Floriana,IPL,India,4.1/5,"Shane Warne, Rahane, Rahul Dravid",https://drive.google.com/file/d/1RF-86FjVfcT98mHt_bwoGaf9MhOYpmlI/view?usp=sharing,,NO,6,https://drive.google.com/file/d/1SdEckwDKMyENecYU-ktp74jTFStveN68/view?usp=sharing,,,,,
Rajasthan Royals,2010,Home,Blue/Gold,Blue,Puma,HDFC Life,IPL,India,4.0/5,"Shane Warne, Graeme Smith, Yusuf Pathan",https://drive.google.com/file/d/1SHUaOehRJTmf2V1lrILZGS0B-W3o_6NE/view?usp=sharing,,NO,7,https://drive.google.com/file/d/1SdEckwDKMyENecYU-ktp74jTFStveN68/view?usp=sharing,,,,,
Rajasthan Royals,2009,Home,Blue/Gold,Blue,Puma,UltraTech Cement,IPL,India,4.2/5,"Shane Warne, Yusuf Pathan, Sohail Tanvir",https://drive.google.com/file/d/19mFtTwQZbTXgnzngoa0wa-hx4fc8uHSC/view?usp=sharing,,NO,6,https://drive.google.com/file/d/1SdEckwDKMyENecYU-ktp74jTFStveN68/view?usp=sharing,,,,,
Rajasthan Royals,2008,Home,Blue/Beige,Blue,Reebok,UltraTech Cement,IPL,India,,"Shane Warne, Yusuf Pathan, Ravindra Jadeja",https://drive.google.com/file/d/1ATcMfwcf5OasvSXBlE_XB4xW4CxnyQsP/view?usp=sharing,,Yes,1,https://drive.google.com/file/d/1SdEckwDKMyENecYU-ktp74jTFStveN68/view?usp=sharing,,,,,
Rajasthan Royals,2025,Special ,Pink/Navy Blue/Gold,Pink,FanCode,Luminous,IPL,India,4.0/5,"Sanju Samson, Yashasvi Jaiswal, Vaibhav Suryavanshi",https://drive.google.com/file/d/1PMK8JFNWCMpbNIDrRO8Tj4U95Y89h3iR/view?usp=sharing,,,9,https://drive.google.com/file/d/1SdEckwDKMyENecYU-ktp74jTFStveN68/view?usp=sharing,,,,,
Rajasthan Royals,2024,Special ,Pink/Blue/Gold,Pink,FanCode,Luminous,IPL,India,4.0/5,"Sanju Samson, Jos Buttler, Yashasvi Jaiswal",https://drive.google.com/file/d/1ETkrsphsJGbhB0fntmwG1QwEYtzC4gPA/view?usp=sharing,,,8,https://drive.google.com/file/d/1SdEckwDKMyENecYU-ktp74jTFStveN68/view?usp=sharing,,,,,
,,,,,,,,,,,,,,,,,,,,
,,,,,,,,,,,,,,,,,,,,
Kolkata Knight Riders,2026,Home,Purple/Gold,Purple,SIX5SIX,MyDream11,IPL,India,,,,NO,,https://drive.google.com/file/d/14OSw5b-IvA5yfPqKWwd-WROg6y4C54Vp/view?usp=sharing,,,,,
Kolkata Knight Riders,2025,Home,Purple/Gold,Purple,SIX5SIX,MyDream11,IPL,India,4.3/5,"Venkatesh Iyer, Quinton de Kock, Sunil Narine",https://drive.google.com/file/d/109b2YeGUzZ6vhcLy2Rt4EFmENveR7SKz/view?usp=sharing,,NO,8,https://drive.google.com/file/d/14OSw5b-IvA5yfPqKWwd-WROg6y4C54Vp/view?usp=sharing,,,,,
Kolkata Knight Riders,2024,Home,Purple/Black,Purple,Wrogn,MyDream11,IPL,India,4.3/5,"Sunil Narine, Philip Salt, Venkatesh Iyer",https://drive.google.com/file/d/1RTLwlemceuEOUd46IGcldG0TGHIacLjq/view?usp=sharing,,Yes,1,https://drive.google.com/file/d/14OSw5b-IvA5yfPqKWwd-WROg6y4C54Vp/view?usp=sharing,,,,,
Kolkata Knight Riders,2023,Home,Purple/Gold,Purple,Wrogn,MyFab11,IPL,India,4.3/5,"Venkatesh Iyer, Sunil Narine, Rinku Singh",https://drive.google.com/file/d/1U-11STYLkqIKHnf7M98kiN-Zo3GskOQP/view?usp=sharing,,NO,7,https://drive.google.com/file/d/14OSw5b-IvA5yfPqKWwd-WROg6y4C54Vp/view?usp=sharing,,,,,
Kolkata Knight Riders,2022,Home,Purple/Black,Purple,Wrogn,WinZO,IPL,India,4.3/5,"Venkatesh Iyer, Sunil Narine, Varun Chakravarthy",https://drive.google.com/file/d/1c-8byXg8ky-_xpEzHyfdjIJ6C98sju35/view?usp=sharing,,NO,7,https://drive.google.com/file/d/14OSw5b-IvA5yfPqKWwd-WROg6y4C54Vp/view?usp=sharing,,,,,
Kolkata Knight Riders,2021,Home,Purple/Gold,Purple,Wrogn,MPL,IPL,India,4.3/5,"Andre Russell, Sunil Narine, Rinku Singh",https://drive.google.com/file/d/1HuU47OU8FHJOgpLa4FSYQoH2LSoxn2yW/view?usp=sharing,,NO,2,https://drive.google.com/file/d/14OSw5b-IvA5yfPqKWwd-WROg6y4C54Vp/view?usp=sharing,,,,,
Kolkata Knight Riders,2020,Home,Purple/Black,Purple,Wrogn,MPL,IPL,India,4.3/5,"Dinesh Karthik, Eoin Morgan, Shivam Mavi",https://drive.google.com/file/d/1b1aHsLNBvsYJ2swW6jZOIzWzGzTcewAC/view?usp=sharing,,NO,5,https://drive.google.com/file/d/14OSw5b-IvA5yfPqKWwd-WROg6y4C54Vp/view?usp=sharing,,,,,
Kolkata Knight Riders,2019,Home,Purple/Gold,Purple,Wrogn,Nokia,IPL,India,4.3/5,"Andre Russell, Dinesh Karthik, Sunil Narine",https://drive.google.com/file/d/1aYu-SX_X7gtL21pkClKrwYfskNuMZa93/view?usp=sharing,,NO,5,https://drive.google.com/file/d/14OSw5b-IvA5yfPqKWwd-WROg6y4C54Vp/view?usp=sharing,,,,,
Kolkata Knight Riders,2018,Home,Purple/Black,Purple,Wrogn,Nokia,IPL,India,4.3/5,"Chris Lynn, Andre Russell, Sunil Narine",https://drive.google.com/file/d/1pnjEOh5LZMrXmpCONyI9ZeRJQROhJYYl/view?usp=sharing,,NO,3,https://drive.google.com/file/d/14OSw5b-IvA5yfPqKWwd-WROg6y4C54Vp/view?usp=sharing,,,,,
Kolkata Knight Riders,2017,Home,Purple/Gold,Purple,Lux Cozi,Gionee,IPL,India,4.3/5,"Sunil Narine, Gautam Gambhir, Chris Lynn",https://drive.google.com/file/d/1j81kfeWbFKntxs2A--fcwPh1SqF21pEJ/view?usp=sharing,,NO,3,https://drive.google.com/file/d/14OSw5b-IvA5yfPqKWwd-WROg6y4C54Vp/view?usp=sharing,,,,,
Kolkata Knight Riders,2016,Home,Purple/Black,Purple,Lux Cozi,Gionee,IPL,India,4.3/5,"Gautam Gambhir, Robin Uthappa, Chris Woakes",https://drive.google.com/file/d/1FF9hq86YyVsVFi5qo1Fw7IrPZWQ56rxy/view?usp=sharing,,NO,4,https://drive.google.com/file/d/14OSw5b-IvA5yfPqKWwd-WROg6y4C54Vp/view?usp=sharing,,,,,
Kolkata Knight Riders,2015,Home,Purple/Gold,Purple,U.S. Polo Assn.,Gionee,IPL,India,4.3/5,"Gautam Gambhir, Robin Uthappa, Yusuf Pathan",https://drive.google.com/file/d/1y-6V6xuTD_-u8ptgQzn7jgoYl2DhtJ--/view?usp=sharing,,NO,5,https://drive.google.com/file/d/14OSw5b-IvA5yfPqKWwd-WROg6y4C54Vp/view?usp=sharing,,,,,
Kolkata Knight Riders,2014,Home,Purple/Black,Purple,U.S. Polo Assn.,Nokia,IPL,India,4.3/5,"Robin Uthappa, Gautam Gambhir, Sunil Narine",https://drive.google.com/file/d/1ZEwVThqikVFEfk0jmprp5CLWOqKO4ZLA/view?usp=sharing,,Yes,1,https://drive.google.com/file/d/14OSw5b-IvA5yfPqKWwd-WROg6y4C54Vp/view?usp=sharing,,,,,
Kolkata Knight Riders,2013,Home,Purple/Gold,Purple,Reebok,Nokia,IPL,India,4.3/5,"Yusuf Pathan, Gautam Gambhir, Sunil Narine",https://drive.google.com/file/d/1neXtW-tD_dzdBC7sC4lPpqS-djFeTXUL/view?usp=sharing,,NO,7,https://drive.google.com/file/d/14OSw5b-IvA5yfPqKWwd-WROg6y4C54Vp/view?usp=sharing,,,,,
Kolkata Knight Riders,2012,Home,Purple/Black,Purple,Reebok,Nokia,IPL,India,4.3/5,"Jacques Kallis, Sunil Narine, Gautam Gambhir",https://drive.google.com/file/d/1qgQnUW6fPPyWel-YCc19C2uy71EIoVg_/view?usp=sharing,,Yes,1,https://drive.google.com/file/d/14OSw5b-IvA5yfPqKWwd-WROg6y4C54Vp/view?usp=sharing,,,,,
Kolkata Knight Riders,2011,Home,Purple/Gold,Purple,Reebok,Nokia,IPL,India,4.3/5,"Jacques Kallis, Chris Gayle, Yusuf Pathan",https://drive.google.com/file/d/1EbrB438NunUA42RaxfZEyux8KUxVM-f7/view?usp=sharing,,NO,4,https://drive.google.com/file/d/14OSw5b-IvA5yfPqKWwd-WROg6y4C54Vp/view?usp=sharing,,,,,
Kolkata Knight Riders,2010,Home,Purple/Black,Purple,Reebok,Nokia,IPL,India,4.3/5,"Sourav Ganguly, Jacques Kallis, Ashok Dinda",https://drive.google.com/file/d/1QsV8travgEUobW2Hw0lvmJLWFfd-yXdD/view?usp=sharing,,NO,6,https://drive.google.com/file/d/14OSw5b-IvA5yfPqKWwd-WROg6y4C54Vp/view?usp=sharing,,,,,
Kolkata Knight Riders,2009,Home,Purple/Gold,Black,Reebok,Nokia,IPL,India,4.3/5,"Sourav Ganguly, Brad Hodge, Lakshmipathy Balaji",https://drive.google.com/file/d/1tbXi1Gp4MV13-nDi92JyKQMrimC9j70u/view?usp=sharing,,NO,8,https://drive.google.com/file/d/14OSw5b-IvA5yfPqKWwd-WROg6y4C54Vp/view?usp=sharing,,,,,
Kolkata Knight Riders,2008,Home,Black/Gold,Black,Reebok,Nokia,IPL,India,4.3/5,"Sourav Ganguly, Brendon McCullum, Rudra Pratap Singh",https://drive.google.com/file/d/1gGcuqomrpHy77JWs5JpJO6pl9vKjOK1D/view?usp=sharing,,NO,6,https://drive.google.com/file/d/14OSw5b-IvA5yfPqKWwd-WROg6y4C54Vp/view?usp=sharing,,,,,
,,,,,,,,,,,,,,,,,,,,
,,,,,,,,,,,,,,,,,,,,
Punjab Kings,2026,Home,Red/Gold,Red,T10 Sports,Dream 11,IPL,India,,,,NO,,https://drive.google.com/file/d/1de9Ustkeef51bLeY7S4VJrj6dWwDFS3V/view?usp=sharing,,,,,
Punjab Kings,2025,Home,Red/Gold,Red,T10 Sports,Dream 11,IPL,India,4.2/5,"Shreyas Iyer, Arshdeep Singh, Priyansh Arya",https://drive.google.com/file/d/15n8UBOEhd-h_5kMHzpi2Y6-xbI8Q3Lw_/view?usp=sharing,,NO,2,https://drive.google.com/file/d/1de9Ustkeef51bLeY7S4VJrj6dWwDFS3V/view?usp=sharing,,,,,
Punjab Kings,2024,Home,Red/Gold,Red,SIX5SiX,Dream 11,IPL,India,4.2/5,"Shikhar Dhawan, Harshal Patel, Rilee Rossouw",https://drive.google.com/file/d/1z7GqGXXI7TaeoKShwW3wf33vwsMGaxCt/view?usp=sharing,,NO,4,https://drive.google.com/file/d/1de9Ustkeef51bLeY7S4VJrj6dWwDFS3V/view?usp=sharing,,,,,
Punjab Kings,2023,Home,Red/Gold,Red,T10 Sports,EBIX Cash,IPL,India,4.2/5,"Jonny Bairstow, Kagiso Rabada, Liam Livingstone",https://drive.google.com/file/d/16IfBJA9eMV4tIm0L5stpNyYTMqfyviQy/view?usp=sharing,,NO,8,https://drive.google.com/file/d/1de9Ustkeef51bLeY7S4VJrj6dWwDFS3V/view?usp=sharing,,,,,
Punjab Kings,2022,Home,Red/Gold,Red,T10 Sports,EBIX Cash,IPL,India,4.2/5,"Jonny Bairstow, Kagiso Rabada, Liam Livingstone",https://drive.google.com/file/d/1h0PMODgjFZ3-gZHV2J7xxylBSe8-BDmS/view?usp=sharing,,NO,6,https://drive.google.com/file/d/1de9Ustkeef51bLeY7S4VJrj6dWwDFS3V/view?usp=sharing,,,,,
Kings XI Punjab,2021,Home,Red/Silver,Red,T10 Sports,EBIX Cash,IPL,India,4.2/5,"KL Rahul, Mohammad Shami, Arshdeep Singh",https://drive.google.com/file/d/1fuHI78v8DqF9eZU7I8oswKEoNZEm2xMe/view?usp=sharing,,NO,6,https://drive.google.com/file/d/1E8XCT6FQ6vkw-OVabrEAV3N4WQ9-8qRS/view?usp=sharing,,,,,
Kings XI Punjab,2020,Home,Red/Silver,Red,T10 Sports,EBIX Cash,IPL,India,4.2/5,"KL Rahul, Chris Gayle, Mohammed Shami",https://drive.google.com/file/d/1HmOzn2eGhd75zu55rnltZSmXz2pa83eY/view?usp=sharing,,NO,6,https://drive.google.com/file/d/1E8XCT6FQ6vkw-OVabrEAV3N4WQ9-8qRS/view?usp=sharing,,,,,
Kings XI Punjab,2019,Home,Red/Blue,Red,T10 Sports,Aaj Tak,IPL,India,4.2/5,"KL Rahul, Chris Gayle, Mohammad Shami",https://drive.google.com/file/d/1Mqing3UcTTPbme5a6qxAAHP8qPmOj9y5/view?usp=sharing,,NO,6,https://drive.google.com/file/d/1E8XCT6FQ6vkw-OVabrEAV3N4WQ9-8qRS/view?usp=sharing,,,,,
Kings XI Punjab,2018,Home,Red/Silver,Red,T10 Sports,Kent RO,IPL,India,4.2/5,"KL Rahul, Chris Gayle, Andrew Tye",https://drive.google.com/file/d/10mjfX93F3Zo5GzzFeH6ldKN3J1N8cdVm/view?usp=sharing,,NO,7,https://drive.google.com/file/d/1E8XCT6FQ6vkw-OVabrEAV3N4WQ9-8qRS/view?usp=sharing,,,,,
Kings XI Punjab,2017,Home,Red/Silver,Red,TYKA,Hero Cycles,IPL,India,4.2/5,"David Miller, Murugan Ashwin, Hashim Amla",https://drive.google.com/file/d/1JEAMBB74sIYigYSprsNAh7P2ohyH8T3m/view?usp=sharing,,NO,5,https://drive.google.com/file/d/1E8XCT6FQ6vkw-OVabrEAV3N4WQ9-8qRS/view?usp=sharing,,,,,
Kings XI Punjab,2016,Home,Red/Silver,Red,TYKA,Tata Motors,IPL,India,4.2/5,"David Miller, Sandeep Sharma, Hashim Amla",https://drive.google.com/file/d/12lEGB9HM5Zqy-dVM3McI5YffWBcRtKF2/view?usp=sharing,,NO,8,https://drive.google.com/file/d/1E8XCT6FQ6vkw-OVabrEAV3N4WQ9-8qRS/view?usp=sharing,,,,,
Kings XI Punjab,2015,Home,Red/Silver,Red,TYKA,Tata Motors,IPL,India,4.2/5,"Glenn Maxwell, Aaron Finch, Karun Nair",https://drive.google.com/file/d/1v8AywOdCUvNYFr4K6q53-vfxlon9wnME/view?usp=sharing,,NO,8,https://drive.google.com/file/d/1E8XCT6FQ6vkw-OVabrEAV3N4WQ9-8qRS/view?usp=sharing,,,,,
Kings XI Punjab,2014,Home,Red/Silver,Red,TYKA,Tata Motors,IPL,India,4.2/5,"Aaron Finch, Glenn Maxwell, Axar Patel",https://drive.google.com/file/d/1eMmKD_FZ8oXGvow87ja5F3pAgWtbNCvq/view?usp=sharing,,NO,2,https://drive.google.com/file/d/1E8XCT6FQ6vkw-OVabrEAV3N4WQ9-8qRS/view?usp=sharing,,,,,
Kings XI Punjab,2013,Home,Red/Silver,Red,TYKA,NVD Solar,IPL,India,4.2/5,"Glenn Maxwell, Shaun Marsh, Azhar Mahmood",https://drive.google.com/file/d/1oYSmQT5ECFBP77iLcw-ttzUcVJErsCsj/view?usp=sharing,https://drive.google.com/file/d/1hfNB_su8oPCXT4BJ4GQQ8W-HikcVqTrc/view?usp=sharing,NO,6,https://drive.google.com/file/d/1E8XCT6FQ6vkw-OVabrEAV3N4WQ9-8qRS/view?usp=sharing,,,,,
Kings XI Punjab,2012,Home,Red/Silver,Red,U.S. Polo Assn.,Videocon d2h,IPL,India,4.2/5,"David Miller, Shaun Marsh, Piyush Chawla",https://drive.google.com/file/d/17Z63T77Bd6DIYtjtG2VYthQK51vUFkS1/view?usp=sharing,,NO,6,https://drive.google.com/file/d/1E8XCT6FQ6vkw-OVabrEAV3N4WQ9-8qRS/view?usp=sharing,,,,,
Kings XI Punjab,2011,Home,Red/Silver,Red,Reebok,Fly Emirates,IPL,India,4.2/5,"Shaun Marsh, Piyush Chawla, Sreesanth",https://drive.google.com/file/d/1doGR0ktCMaIcg2ucvhhmRVMkcjd1Ftb0/view?usp=sharing,,NO,5,https://drive.google.com/file/d/1E8XCT6FQ6vkw-OVabrEAV3N4WQ9-8qRS/view?usp=sharing,,,,,
Kings XI Punjab,2010,Home,Red/Silver,Red,Reebok,Fly Emirates,IPL,India,4.2/5,"David Miller, Piyush Chawla, Sreesanth",https://drive.google.com/file/d/132fUnW74Ce6ldxb87I_RcfmTsYJn2Yrw/view?usp=sharing,,NO,8,https://drive.google.com/file/d/1E8XCT6FQ6vkw-OVabrEAV3N4WQ9-8qRS/view?usp=sharing,,,,,
Kings XI Punjab,2009,Home,Red/Silver,Red,Reebok,Fly Emirates,IPL,India,4.2/5,"Yuvraj Singh, Piyush Chawla, Azhar Mahmood",https://drive.google.com/file/d/1iF4juzoOdO8KLml0jo-yg9fmBEw4q0md/view?usp=sharing,,NO,5,https://drive.google.com/file/d/1E8XCT6FQ6vkw-OVabrEAV3N4WQ9-8qRS/view?usp=sharing,,,,,
Kings XI Punjab,2008,Home,Red/Silver,Red,Provogue,Spice,IPL,India,4.2/5,"Yuvraj Singh, Kumar Sangakkara, Azhar Mahmood",https://drive.google.com/file/d/1tXQqaKrUPZ6mIlwak82Wp_3ylEGOTjnm/view?usp=sharing,,NO,3,https://drive.google.com/file/d/1E8XCT6FQ6vkw-OVabrEAV3N4WQ9-8qRS/view?usp=sharing,,,,,
,,,,,,,,,,,,,,,,,,,,
,,,,,,,,,,,,,,,,,,,,
Mumbai Indians,2026,Home,Blue/Gold,Blue,Skechers,Slice,IPL,India,,,,NO,,https://drive.google.com/file/d/1kLp_xGPvxNUtS2evm94G1Rh3tWq909WG/view?usp=sharing,,,,,
Mumbai Indians,2025,Home,Blue/Gold,Blue,Skechers,Slice,IPL,India,4.9/5,"Suryakumar Yadav, Jasprit Bumrah, Trent Boult",https://drive.google.com/file/d/1lGvriOjNSFODd_Oqsh-a1TUgi-D0oNtu/view?usp=sharing,,NO,3,https://drive.google.com/file/d/1kLp_xGPvxNUtS2evm94G1Rh3tWq909WG/view?usp=sharing,,,,,
Mumbai Indians,2024,Home,Blue/Gold,Blue,Skechers,Slice,IPL,India,4.9/5,"Rohit Sharma, Hardik Pandya, Suryakumar Yadav",https://drive.google.com/file/d/16XSoPJw58T9k-aJaHilfYK3y92sUiMhB/view?usp=sharing,,NO,10,https://drive.google.com/file/d/1kLp_xGPvxNUtS2evm94G1Rh3tWq909WG/view?usp=sharing,,,,,
Mumbai Indians,2023,Home,Blue/Gold,Blue,Performax ,Slice,IPL,India,4.9/5,"Rohit Sharma, Jasprit Bumrah, Suryakumar Yadav",https://drive.google.com/file/d/1dz0Q4pVdnKnUdTsjWrahgZhXMWVLJpr8/view?usp=sharing,,NO,3,https://drive.google.com/file/d/1kLp_xGPvxNUtS2evm94G1Rh3tWq909WG/view?usp=sharing,,,,,
Mumbai Indians,2022,Home,Blue/Gold,Blue,Performax,Slice,IPL,India,4.9/5,"Rohit Sharma, Jasprit Bumrah, Suryakumar Yadav",https://drive.google.com/file/d/13CIu7sYlVWd8Xh2av8ghcM1NImdyR6lH/view?usp=sharing,,NO,10,https://drive.google.com/file/d/1kLp_xGPvxNUtS2evm94G1Rh3tWq909WG/view?usp=sharing,,,,,
Mumbai Indians,2021,Home,Blue/Gold,Blue,Performax,Samsung,IPL,India,4.9/5,"Rohit Sharma, Jasprit Bumrah, Suryakumar Yadav",https://drive.google.com/file/d/1HhZKFaj3vcFlOuc7kWj0EySoyuMu0_6J/view?usp=sharing,,NO,5,https://drive.google.com/file/d/1kLp_xGPvxNUtS2evm94G1Rh3tWq909WG/view?usp=sharing,,,,,
Mumbai Indians,2020,Home,Blue/Gold,Blue,Performax,Samsung,IPL,India,4.9/5,"Rohit Sharma, Jasprit Bumrah, Hardik Pandya",https://drive.google.com/file/d/1C-V-S2Wq4mdEeJw09LzcwSeDmTpC2DC1/view?usp=sharing,,Yes,1,https://drive.google.com/file/d/1kLp_xGPvxNUtS2evm94G1Rh3tWq909WG/view?usp=sharing,,,,,
Mumbai Indians,2019,Home,Blue/Gold,Blue,Performax,Samsung,IPL,India,4.9/5,"Rohit Sharma, Hardik Pandya, Jasprit Bumrah",https://drive.google.com/file/d/1XVq2DMV90eb_gJjSLhALC60YI5G2CIxP/view?usp=sharing,,Yes,1,https://drive.google.com/file/d/1kLp_xGPvxNUtS2evm94G1Rh3tWq909WG/view?usp=sharing,,,,,
Mumbai Indians,2018,Home,Blue/Gold,Blue,Performax,Samsung,IPL,India,4.9/5,"Rohit Sharma, Hardik Pandya, Jasprit Bumrah",https://drive.google.com/file/d/18tTGkb-uQDQ0D8yvBdWIVa_fsiN9hqpV/view?usp=sharing,,NO,5,https://drive.google.com/file/d/1kLp_xGPvxNUtS2evm94G1Rh3tWq909WG/view?usp=sharing,,,,,
Mumbai Indians,2017,Home,Blue/Gold,Blue,Performax,Videocon d2h,IPL,India,4.9/5,"Rohit Sharma, Hardik Pandya, Jasprit Bumrah",https://drive.google.com/file/d/1BR0WjRuXAcmNEqwAyuudR3Q-RiBlkCCp/view?usp=sharing,,Yes,1,https://drive.google.com/file/d/1kLp_xGPvxNUtS2evm94G1Rh3tWq909WG/view?usp=sharing,,,,,
Mumbai Indians,2016,Home,Blue/Gold,Blue,Performax,Videocon d2h,IPL,India,4.9/5,"Rohit Sharma, Hardik Pandya, Jasprit Bumrah", https://drive.google.com/file/d/1r0G8NmX6XoCU2YYnqCxAOsDfSaxLJjKU/view?usp=sharing,,NO,5,https://drive.google.com/file/d/1kLp_xGPvxNUtS2evm94G1Rh3tWq909WG/view?usp=sharing,,,,,
Mumbai Indians,2015,Home,Blue/Gold,Blue,Performax,Videocon d2h,IPL,India,4.9/5,"Rohit Sharma, Hardik Pandya, Lasith Malinga",https://drive.google.com/file/d/1-_uyQzdPcw_z9tiilX14C_QjNZtPE5V-/view?usp=sharing,,NO,1,https://drive.google.com/file/d/1kLp_xGPvxNUtS2evm94G1Rh3tWq909WG/view?usp=sharing,,,,,
Mumbai Indians,2014,Home,Blue/Gold,Blue,Adidas,Videocon d2h,IPL,India,4.9/5,"Rohit Sharma, Jasprit Bumrah, Lasith Malinga",https://drive.google.com/file/d/1uuIdXD2LkQpW8g0YH8Y2s-f0LjfRAods/view?usp=sharing,,NO,4,https://drive.google.com/file/d/1kLp_xGPvxNUtS2evm94G1Rh3tWq909WG/view?usp=sharing,,,,,
Mumbai Indians,2013,Home,Blue/Gold,Blue,Adidas,Videocon d2h,IPL,India,4.9/5,"Rohit Sharma, Lasith Malinga, Kieron Pollard",https://drive.google.com/file/d/1OSFvZ7XrTE-EsKi8GoVKPizIdD2eV_R6/view?usp=sharing,,Yes,1,https://drive.google.com/file/d/1kLp_xGPvxNUtS2evm94G1Rh3tWq909WG/view?usp=sharing,,,,,
Mumbai Indians,2012,Home,Blue/Gold,Blue,Adidas,Hero,IPL,India,4.9/5,"Rohit Sharma, Lasith Malinga, Kieron Pollard",https://drive.google.com/file/d/1fmLYwgnDTAIr0Z_FbYf_p4Mf-cDkTU_f/view?usp=sharing,,NO,3,https://drive.google.com/file/d/1kLp_xGPvxNUtS2evm94G1Rh3tWq909WG/view?usp=sharing,,,,,
Mumbai Indians,2011,Home,Blue/Gold,Blue,Adidas,Hero Honda,IPL,India,4.9/5,"Sachin Tendulkar, Lasith Malinga, Rohit Sharma",https://drive.google.com/file/d/1lhN7vyP1A1QKLlsbiiMwGBzdpgSFUeVw/view?usp=sharing,,NO,3,https://drive.google.com/file/d/1kLp_xGPvxNUtS2evm94G1Rh3tWq909WG/view?usp=sharing,,,,,
Mumbai Indians,2010,Home,Blue/Gold,Blue,Adidas,Videocon ,IPL,India,4.9/5,"Sachin Tendulkar, Lasith Malinga, Rohit Sharma",https://drive.google.com/file/d/1l9fCRrgx-miLppzBBU8L9GffDasoKvK6/view?usp=sharing, https://drive.google.com/file/d/1o7xf0YOiK6u9Cybk5g9E-84F_t0HZa4o/view?usp=sharing,NO,2,https://drive.google.com/file/d/1kLp_xGPvxNUtS2evm94G1Rh3tWq909WG/view?usp=sharing,,,,,
Mumbai Indians,2009,Home,Blue/Gold,Blue,Adidas,Idea,IPL,India,4.9/5,"Sachin Tendulkar, Lasith Malinga, Amit Mishra",https://drive.google.com/file/d/1I5ZMDdfaCCyf1AVh3F1srs6QwR3lmWFO/view?usp=sharing,,NO,7,https://drive.google.com/file/d/1kLp_xGPvxNUtS2evm94G1Rh3tWq909WG/view?usp=sharing,,,,,
Mumbai Indians,2008,Home,Blue/Gold,Blue,Adidas,No sponsor,IPL,India,4.9/5,"Sachin Tendulkar, Sanath Jayasuriya, Lasith Malinga",https://drive.google.com/file/d/1WJThDkB_bBW_eRISgOc7-TZByNKEVie8/view?usp=sharing,,NO,5,https://drive.google.com/file/d/1kLp_xGPvxNUtS2evm94G1Rh3tWq909WG/view?usp=sharing,,,,,
,,,,,,,,,,,,,,,,,,,,
,,,,,,,,,,,,,,,,,,,,
Delhi Capitals,2025,Home,Blue/Red,Blue,Puma,JSW,IPL,India,4.3/5,"KL Rahul, Kuldeep Yadav, Mitchell Starc",https://drive.google.com/file/d/10FmMOPNXAZ4LUhzM00GHUdElBRjJUpq1/view?usp=drivesdk,Delhi capitals 2025 -2.webp,NO,5,https://drive.google.com/file/d/1NHFjWD-ChegoTPgwBoI9v_G1EF8Td-l0/view?usp=sharing,,,,,
Delhi Capitals,2024,Home,Blue/Red,Blue,Puma,Hero Fincorp,IPL,India,4.3/5,"David Warner, Rishabh Pant, Mitchell Starc",https://drive.google.com/file/d/1sKIu0Y59jjbPaVP8Q8cMOx949-PtC6H2/view?usp=sharing,,NO,7,https://drive.google.com/file/d/1NHFjWD-ChegoTPgwBoI9v_G1EF8Td-l0/view?usp=sharing,,,,,
Delhi Capitals,2023,Home,Blue/Red,Blue,Wrogn,JSW,IPL,India,4.3/5,"David Warner, Mitchell Starc, Rishabh Pant",https://drive.google.com/file/d/1KHwujbk_o5PPKIpiwWuF3BIK7TIHhRwI/view?usp=sharing,,NO,9,https://drive.google.com/file/d/1NHFjWD-ChegoTPgwBoI9v_G1EF8Td-l0/view?usp=sharing,,,,,
Delhi Capitals,2022,Home,Blue/Red,Blue,Wrogn,JSW,IPL,India,4.3/5,"David Warner, Rishabh Pant, Axar Patel (capt)",https://drive.google.com/file/d/1ygZsqU4yM9OeTNEdaqEUBpvuOwsFlzky/view?usp=sharing,,NO,5,https://drive.google.com/file/d/1NHFjWD-ChegoTPgwBoI9v_G1EF8Td-l0/view?usp=sharing,,,,,
Delhi Capitals,2021,Home,Blue/Red,Blue,Wrogn,JSW,IPL,India,4.3/5,"Shikhar Dhawan, Avesh Khan, Rishabh Pant",https://drive.google.com/file/d/1FTT3bhG6YCXG-jonrpQg-AyDFSsD2QO7/view?usp=sharing,,NO,3,https://drive.google.com/file/d/1NHFjWD-ChegoTPgwBoI9v_G1EF8Td-l0/view?usp=sharing,,,,,
Delhi Capitals,2020,Home,Blue/Red,Blue,Sqad Gear,JSW,IPL,India,4.3/5,"Shikhar Dhawan, Kagiso Rabada, Anrich Nortje",https://drive.google.com/file/d/1j1eOKPIJnAifxwvveGWYOOnxUUxsSOLr/view?usp=sharing,,NO,2,https://drive.google.com/file/d/1NHFjWD-ChegoTPgwBoI9v_G1EF8Td-l0/view?usp=sharing,,,,,
Delhi Capitals,2019,Home,Blue/Red,Blue,Sqad Gear,Daikin,IPL,India,4.3/5,"Shikhar Dhawan, Kagiso Rabada, Rishabh Pant",https://drive.google.com/file/d/1uGn_8buUH-faktlfzNbucwytRrWBu3r7/view?usp=sharing,,NO,3,https://drive.google.com/file/d/1NHFjWD-ChegoTPgwBoI9v_G1EF8Td-l0/view?usp=sharing,,,,,
Delhi Daredevils,2018,Home,Blue/Red,Blue,T10 Sports,Daikin,IPL,India,4.3/5,"Rishabh Pant, Trent Boult, Shreyas Iyer",https://drive.google.com/file/d/1hwmFQ_YJgePUAO6ekfKnlpuIeUIhurGD/view?usp=sharing,,NO,8,https://drive.google.com/file/d/1sgUTzJ-i6mJLnaJSFSxEIoPpGcE9yxWx/view?usp=sharing,,,,,
Delhi Daredevils,2017,Home,Blue/Red,Blue,Shiv Naresh,Daikin,IPL,India,4.3/5,"Sanju Samson, Zaheer Khan, Pat Cummins",https://drive.google.com/file/d/1hsAgkpPHW8c-XN1msNBB0z8cEa9buErv/view?usp=sharing,,NO,6,https://drive.google.com/file/d/1sgUTzJ-i6mJLnaJSFSxEIoPpGcE9yxWx/view?usp=sharing,,,,,
Delhi Daredevils,2016,Home,Blue/Red,Blue,Shiv Naresh,Daikin,IPL,India,4.3/5,"Quinton de Kock, Chris Morris, Johnson Charles",https://drive.google.com/file/d/1jvscy-snSMRx0C-46Xg8Ka9oAH1NtOIf/view?usp=sharing,,NO,8,https://drive.google.com/file/d/1sgUTzJ-i6mJLnaJSFSxEIoPpGcE9yxWx/view?usp=sharing,,,,,
Delhi Daredevils,2015,Home,Blue/Red,Blue,Flying Machine,Daikin,IPL,India,4.3/5,"JP Duminy, Imran Tahir, Quinton de Kock",,https://drive.google.com/file/d/1vBvAcuq4mAl2qaPD77wAFtUBsAyCGMvB/view?usp=sharing,NO,7,https://drive.google.com/file/d/1sgUTzJ-i6mJLnaJSFSxEIoPpGcE9yxWx/view?usp=sharing,,,,,
Delhi Daredevils,2014,Home,Blue/Red,Blue,Flying Machine,Quikr,IPL,India,4.3/5,"David Warner, JP Duminy, Imran Tahir",https://drive.google.com/file/d/1jI1Daakc7wZN5wjdrOxcdfwZOn8HKhAj/view?usp=sharing,,NO,8,https://drive.google.com/file/d/1sgUTzJ-i6mJLnaJSFSxEIoPpGcE9yxWx/view?usp=sharing,,,,,
Delhi Daredevils,2013,Home,Blue/Red,Blue,Adidas,Muthoot Group,IPL,India,4.3/5,"David Warner, Umesh Yadav, JP Duminy",https://drive.google.com/file/d/14326HYeJGbUMpqOFEy4GgEv9iCIW2Qrq/view?usp=sharing,https://drive.google.com/file/d/1OfPijzFkRerrTbAviGBGOv0SQvUNszSP/view?usp=sharing,NO,9,https://drive.google.com/file/d/1sgUTzJ-i6mJLnaJSFSxEIoPpGcE9yxWx/view?usp=sharing,,,,,
Delhi Daredevils,2012,Home,Blue/Red,Blue,Adidas,Muthoot Group,IPL,India,4.3/5,"Virender Sehwag, Morne Morkel, Umesh Yadav",https://drive.google.com/file/d/1fLTAqzNtj-s9D-J52DUdEKeuCQdvoISG/view?usp=sharing,,NO,3,https://drive.google.com/file/d/1sgUTzJ-i6mJLnaJSFSxEIoPpGcE9yxWx/view?usp=sharing,,,,,
Delhi Daredevils,2011,Home,Blue/Red,Blue,Adidas,Muthoot Group,IPL,India,4.3/5,"Virender Sehwag, Morne Morkel, Ashish Nehra",https://drive.google.com/file/d/1gup1-4i4MPFBVGQXQEpcYhesGNWxEYRB/view?usp=sharing,,NO,10,https://drive.google.com/file/d/1sgUTzJ-i6mJLnaJSFSxEIoPpGcE9yxWx/view?usp=sharing,,,,,
Delhi Daredevils,2010,Home,Blue/Red,Blue,Adidas,Hero Honda,IPL,India,4.3/5,"Virender Sehwag, Dinesh Karthik, Amit Mishra",https://drive.google.com/file/d/1fykx2F_weWnY3LoW5bb52iLgsGnFcgCj/view?usp=sharing,,NO,5,https://drive.google.com/file/d/1sgUTzJ-i6mJLnaJSFSxEIoPpGcE9yxWx/view?usp=sharing,,,,,
Delhi Daredevils,2009,Home,Blue/Red,Blue,Adidas,Hero Honda,IPL,India,4.3/5,"Gautam Gambhir, Amit Mishra, Ashish Nehra",https://drive.google.com/file/d/1--oSLiW91sGxhwYqg9kcri31vYvIqExK/view?usp=sharing,,NO,3,https://drive.google.com/file/d/1sgUTzJ-i6mJLnaJSFSxEIoPpGcE9yxWx/view?usp=sharing,,,,,
Delhi Daredevils,2008,Home,Blue/Red,Blue,Adidas,Hero Honda,IPL,India,4.3/5,"Virender Sehwag, Gautam Gambhir, Glenn McGrath",https://drive.google.com/file/d/1T-NOfQZcKvG-TIQAAHr-7KDBt-OUV4vB/view?usp=sharing,,NO,4,https://drive.google.com/file/d/1sgUTzJ-i6mJLnaJSFSxEIoPpGcE9yxWx/view?usp=sharing,,,,,
Delhi Capitals,2023,Special,Rainbow/Blue,Blue,Wrogn,JSW,IPL,India,4.3/5,"David Warner, Mitchell Starc, Rishabh Pant",https://drive.google.com/file/d/1xpD4YTpdJbQRknEr2NPgE8RjR4Gb8Yxr/view?usp=sharing,,NO,9,https://drive.google.com/file/d/1NHFjWD-ChegoTPgwBoI9v_G1EF8Td-l0/view?usp=sharing,,,,,
Delhi Capitals,2022,Special,Rainbow/Blue,Blue,Wrogn,JSW,IPL,India,4.3/5,"David Warner, Rishabh Pant, Axar Patel (capt)",https://drive.google.com/file/d/1b6osVfLnJD89MO449eNQnwzkTTd0cyyX/view?usp=sharing,,NO,5,https://drive.google.com/file/d/1NHFjWD-ChegoTPgwBoI9v_G1EF8Td-l0/view?usp=sharing,,,,,
,,,,,,,,,,,,,,,,,,,,
,,,,,,,,,,,,,,,,,,,,
,,,,,,,,,,,,,,,,,,,,
Sunrisers Hyderabad,2026,Home,Orange/Black,Orange,Wrogn,Dream 11,IPL,India,,,,NO,,https://drive.google.com/file/d/162TgNAAgjQwIwEXZMdyCUitmW9zYsn_n/view?usp=sharing,,,,,
Sunrisers Hyderabad,2025,Home,Orange/Black,Orange,Wrogn,Dream 11,IPL,India,4.4/5,"Pat Cummins, Abhishek Sharma, Travis Head",https://drive.google.com/file/d/1MmPxSDHFaqNlSEMOzhU5EdSzJUSieSb7/view?usp=sharing,,NO,6,https://drive.google.com/file/d/162TgNAAgjQwIwEXZMdyCUitmW9zYsn_n/view?usp=sharing,,,,,
Sunrisers Hyderabad,2024,Home,Orange/Black,Orange,Wrogn,Dream 11,IPL,India,4.4/5,"Pat Cummins, Travis Head, Heinrich Klaasen",https://drive.google.com/file/d/1EtYygVJEYQJakHzQUzxgLlGSYR4bOQWS/view?usp=sharing,,NO,2,https://drive.google.com/file/d/162TgNAAgjQwIwEXZMdyCUitmW9zYsn_n/view?usp=sharing,,,,,
Sunrisers Hyderabad,2023,Home,Orange/Black,Orange,Wrogn,Fan Craze,IPL,India,4.4/5,"Pat Cummins, Heinrich Klaasen, Bhuvneshwar Kumar",https://drive.google.com/file/d/1Y0FUltMXPB9QzEtGsqzfIK6P0KTbT8IA/view?usp=sharing,,NO,10,https://drive.google.com/file/d/162TgNAAgjQwIwEXZMdyCUitmW9zYsn_n/view?usp=sharing,,,,,
Sunrisers Hyderabad,2022,Home,Orange/Black,Orange,Wrogn,Cars24,IPL,India,4.4/5,"David Warner, Rashid Khan, Bhuvneshwar Kumar",https://drive.google.com/file/d/11pWbsu_u6vwJbdgf4OxCnyEOyyRpMAJc/view?usp=sharing,,NO,8,https://drive.google.com/file/d/162TgNAAgjQwIwEXZMdyCUitmW9zYsn_n/view?usp=sharing,,,,,
Sunrisers Hyderabad,2021,Home,Orange/Black,Orange,TYKA,JK Lakshmni Cement,IPL,India,4.4/5,"Kane Williamson, Rashid Khan, Bhuvneshwar Kumar",https://drive.google.com/file/d/1j10imrUdihYv-b7JzwiEUMhTNGKKyAOJ/view?usp=sharing,,NO,8,https://drive.google.com/file/d/162TgNAAgjQwIwEXZMdyCUitmW9zYsn_n/view?usp=sharing,,,,,
Sunrisers Hyderabad,2020,Home,Orange/Black,Orange,TYKA,JK Lakshmni Cement,IPL,India,4.4/5,"David Warner, Rashid Khan, Bhuvneshwar Kumar",https://drive.google.com/file/d/16bfacKZDgL-uGlojrlU64Oeeng2DsuM8/view?usp=sharing,,NO,3,https://drive.google.com/file/d/162TgNAAgjQwIwEXZMdyCUitmW9zYsn_n/view?usp=sharing,,,,,
Sunrisers Hyderabad,2019,Home,Orange/Black,Orange,TYKA,Coolwinks,IPL,India,4.4/5,"David Warner, Rashid Khan, Bhuvneshwar Kumar",https://drive.google.com/file/d/1NxpN__Ed64ILzJ59zvkdLTzDbSRm2UcB/view?usp=sharing,,NO,4,https://drive.google.com/file/d/162TgNAAgjQwIwEXZMdyCUitmW9zYsn_n/view?usp=sharing,,,,,
Sunrisers Hyderabad,2018,Home,Orange/Black,Orange,TYKA,Red FM 93.5,IPL,India,4.4/5,"Kane Williamson, Rashid Khan, Bhuvneshwar Kumar",https://drive.google.com/file/d/1ih5XO2XCfLQpgF3CF8OVPpt6RzeLfj0U/view?usp=sharing,,NO,2,https://drive.google.com/file/d/162TgNAAgjQwIwEXZMdyCUitmW9zYsn_n/view?usp=sharing,,,,,
Sunrisers Hyderabad,2017,Home,Orange/Black,Orange,TYKA,Ultratech Cement,IPL,India,4.4/5,"David Warner, Shikhar Dhawan, Bhuvneshwar Kumar",https://drive.google.com/file/d/1ttODCUoHpE_jU0QiH5fkKczB7EekG1AG/view?usp=sharing,,NO,4,https://drive.google.com/file/d/162TgNAAgjQwIwEXZMdyCUitmW9zYsn_n/view?usp=sharing,,,,,
Sunrisers Hyderabad,2016,Home,Orange/Black,Orange,TYKA,Ultratech Cement,IPL,India,4.4/5,"David Warner, Bhuvneshwar Kumar, Mustafizur Rahman",https://drive.google.com/file/d/1Dj2CcwJ5xBw1aSh_IRssSepUsZPEpxa5/view?usp=sharing,,Yes,1,https://drive.google.com/file/d/162TgNAAgjQwIwEXZMdyCUitmW9zYsn_n/view?usp=sharing,,,,,
Sunrisers Hyderabad,2015,Home,Orange/Black,Orange,TYKA,Red FM 93.5,IPL,India,4.4/5,"David Warner, Bhuvneshwar Kumar, Mustafizur Rahman",https://drive.google.com/file/d/10mkUqo1kO-sGxqib4glro-X2I2gchLS3/view?usp=sharing,,NO,6,https://drive.google.com/file/d/162TgNAAgjQwIwEXZMdyCUitmW9zYsn_n/view?usp=sharing,,,,,
Sunrisers Hyderabad,2014,Home,Orange/Black,Orange,TYKA,WHSmith,IPL,India,4.4/5,"David Warner, Bhuvneshwar Kumar, Chris Lynn",https://drive.google.com/file/d/1NN-b5L6z3Pp-6Adaom3TogCpDvxwx-wW/view?usp=sharing,,NO,6,https://drive.google.com/file/d/162TgNAAgjQwIwEXZMdyCUitmW9zYsn_n/view?usp=sharing,,,,,
Sunrisers Hyderabad,2013,Home,Orange/Black,Orange,Puma,MakeMyTrip,IPL,India,4.4/5,"David Warner, Dale Steyn, Shikhar Dhawan",https://drive.google.com/file/d/1Lzb5oyduwqgrVYlRzzlutT67J1qCDezt/view?usp=sharing,,NO,4,https://drive.google.com/file/d/162TgNAAgjQwIwEXZMdyCUitmW9zYsn_n/view?usp=sharing,,,,,
DeccanCharges,2012,Home,Navy Blue/Silver,Navy Blue,Puma,Fly Emirates,IPL,India,4.2/5,"Kumar Sangakkara, Dale Steyn, Cameron White",https://drive.google.com/file/d/1aOzn7jAKo-W-mj0aDPWyEiB5Et4M3BeA/view?usp=sharing,https://drive.google.com/file/d/1iFzWD6nc0CUmBxTrTbaP_FWCP-o-N1Tn/view?usp=sharing,NO,8,https://drive.google.com/file/d/1AVr0_EOcMyF6_cJ9pxP9kwskGKGyCrtB/view?usp=sharing,,,,,
DeccanCharges,2011,Home,Navy Blue/Silver,Navy Blue,Puma,Ulttratech Cement,IPL,India,4.2/5,"Kumar Sangakkara, Amit Mishra, Shikhar Dhawan",https://drive.google.com/file/d/1p079KR8WkMqRMv6kLTEg2EU4Z-gD-AJZ/view?usp=sharing,,NO,7,https://drive.google.com/file/d/1AVr0_EOcMyF6_cJ9pxP9kwskGKGyCrtB/view?usp=sharing,,,,,
DeccanCharges,2010,Home,Light Blue/White,Light Blue,Puma,Idea,IPL,India,4.3/5,"Adam Gilchrist, Pragyan Ojha, Rohit Sharma",https://drive.google.com/file/d/16rCAfdhqI_h--11GELbBq85fy7CIt6dy/view?usp=sharing,,NO,4,https://drive.google.com/file/d/1AVr0_EOcMyF6_cJ9pxP9kwskGKGyCrtB/view?usp=sharing,,,,,
DeccanCharges,2009,Home,Dark Blue/Silver,Dark Blue,Puma,Deccan Chronicle,IPL,India,4.4/5,"Adam Gilchrist, Rohit Sharma, RP Singh",https://drive.google.com/file/d/12OT3SIRRmlhzLcLsD2Cqzp1N9qCUV8kB/view?usp=sharing,https://drive.google.com/file/d/1tgKj-8AHUgSxh9r2ZJ8dNgN14Gxxe_60/view?usp=sharing,Yes,1,https://drive.google.com/file/d/1AVr0_EOcMyF6_cJ9pxP9kwskGKGyCrtB/view?usp=sharing,,,,,
DeccanCharges,2008,Home,Beige/Light Blue,Beige,Nike,Jaypee Cement,IPL,India,3.8/5,"Adam Gilchrist, Herschelle Gibbs, Shahid Afridi",https://drive.google.com/file/d/1AduMD5pjs4WgE8D-Ln20BfUmmYjruyvF/view?usp=sharing,,NO,8,https://drive.google.com/file/d/1AVr0_EOcMyF6_cJ9pxP9kwskGKGyCrtB/view?usp=sharing,,,,,
,,,,,,,,,,,,,,,,,,,,
,,,,,,,,,,,,,,,,,,,,
Rising Pune Super Giants,2017,Home,Pink/Purple,Purple,Seven,Kent RO,IPL,India,4.3/5,"Steve Smith, MS Dhoni, Ben Stokes",https://drive.google.com/file/d/1lixhRxNyrNji1_b7TyDx5fseDbLOBOkH/view?usp=sharing,,NO,2,https://drive.google.com/file/d/1i3yYeRmHATfFHzkb_gM7Scw2AkipGYnd/view?usp=sharing,,,,,
Rising Pune Super Giants,2016,Home,Pink/Purple,Purple,Seven,Kent RO,IPL,India,4.3/5,"MS Dhoni, Ajinkya Rahane, Faf Du Plessis",https://drive.google.com/file/d/1ReMoMSm0YlZ6YWhYH_pinqnWBgvNg8l7/view?usp=sharing,,NO,7,https://drive.google.com/file/d/1i3yYeRmHATfFHzkb_gM7Scw2AkipGYnd/view?usp=sharing,,,,,
,,,,,,,,,,,,,,,,,,,,
,,,,,,,,,,,,,,,,,,,,
Pune Warriors India,2013,Home,Sky Blue,Blue,TYKA,Sahara,IPL,India,4.1/5,"Aaron Finch, Steve Smith, Bhuvneshwar Kumar",https://drive.google.com/file/d/1RUIEuaO5Gq0uQGqdPw2E6Mn8u2ofu1-c/view?usp=sharing,,NO,8,https://drive.google.com/file/d/1dWb29R4L6gxhaJtRlwx6F7IN2Zhr2-Fy/view?usp=sharing,,,,,
Pune Warriors India,2012,Home,Sky Blue,Blue,Adidas,Sahara,IPL,India,4.1/5,"Sourav Ganguly, Steven Smith, Robin Uthappa",https://drive.google.com/file/d/1WVV7DWrusrbR2W3o7WRXEHSlfcdEqhsb/view?usp=sharing,,NO,9,https://drive.google.com/file/d/1dWb29R4L6gxhaJtRlwx6F7IN2Zhr2-Fy/view?usp=sharing,,,,,
Pune Warriors India,2011,Home,Sky Blue,Blue,Adidas,Sahara,IPL,India,4.1/5,"Yuvraj Singh, Jesse Ryder, Robin Uthappa",https://drive.google.com/file/d/1FQIJ4C-0oXTvDTVbPhSVzNdyVYGr-08x/view?usp=sharing,,NO,9,https://drive.google.com/file/d/1dWb29R4L6gxhaJtRlwx6F7IN2Zhr2-Fy/view?usp=sharing,,,,,
,,,,,,,,,,,,,,,,,,,,
,,,,,,,,,,,,,,,,,,,,
Kochi Tuskers Kerala,2011,Home,Orange-Purple,Orange,Lotto,Parinee,IPL,India,4.0/5,"Brendon McCullum, Mahela Jayawardene, Sreesanth",https://drive.google.com/file/d/1aiFu2G14lj8DwjxbV4uxhlias_4xnyyk/view?usp=sharing,,NO,8,https://drive.google.com/file/d/13h51P0kmotz9AZy1bvREKU9YHUcDkRBD/view?usp=sharing,,,,,
,,,,,,,,,,,,,,,,,,,,
,,,,,,,,,,,,,,,,,,,,
Gujarat Lions,2017,Home,Orange/Blue,Orange,SG,Shudh Plus,IPL,India,4.2/5,"Suresh Raina, Dinesh Karthik, Andrew Tye",https://drive.google.com/file/d/1qf8Hlr_808KXpPyrU6CvJ-ZoZenEi8d9/view?usp=sharing,,NO,7,https://drive.google.com/file/d/1bPOVyCDrU8yJqzeUvv9SzXMvwxX9rFRL/view?usp=sharing,,,,,
Gujarat Lions,2016,Home,Orange/Blue,Orange,TYKA,Oxygen,IPL,India,4.2/5,"Suresh Raina, Aaron Finch, Dwayne Bravo",https://drive.google.com/file/d/1UrpPqeSfpPMhZoFye7wHcej9m4v7edme/view?usp=sharing,https://drive.google.com/file/d/19BCZnT0bZg8tv7GqkmuqDUtGKdD5TvC4/view?usp=sharing,NO,3,https://drive.google.com/file/d/1bPOVyCDrU8yJqzeUvv9SzXMvwxX9rFRL/view?usp=sharing,,,,,
,,,,,,,,,,,,,,,,,,,,
,,,,,,,,,,,,,,,,,,,,
Gujarat Titans,2025,Home,Dark Blue/Gold,Blue,EM,Dream11,IPL,India,4.6/5,"Shubman Gill, Rashid Khan, Mohit Sharma",https://drive.google.com/file/d/1rv57R48u_bOJRZAAZvmo7HkdJLJOuWkJ/view?usp=sharing,,NO,4,https://drive.google.com/file/d/101KBJrQC82j6iIGH9pPxp79oh7eiNySY/view?usp=sharing,,,,,
Gujarat Titans,2024,Home,Dark Blue/Gold,Blue,EM,Dream11,IPL,India,4.6/5,"Shubman Gill, Sai Sudharsan, Rashid Khan",https://drive.google.com/file/d/1givSUogomiqO2f9Et5Q4fSwShepXAN3q/view?usp=sharing,,NO,8,https://drive.google.com/file/d/101KBJrQC82j6iIGH9pPxp79oh7eiNySY/view?usp=sharing,,,,,
Gujarat Titans,2023,Home,Dark Blue/Gold,Blue,EM,Ather Energy,IPL,India,4.6/5,"Shubman Gill, Hardik Pandya, Rashid Khan",https://drive.google.com/file/d/1lIjcZKDFlyz90_GdYQINuyvt0C_LtjfX/view?usp=sharing,,NO,2,https://drive.google.com/file/d/101KBJrQC82j6iIGH9pPxp79oh7eiNySY/view?usp=sharing,,,,,
Gujarat Titans,2022,Home,Dark Blue/Gold,Blue,EM,Ather Energy,IPL,India,4.6/5,"Hardik Pandya, Shubman Gill, David Miller",https://drive.google.com/file/d/1YN1q4DJW4_8-bNIqI39C-GwWOMb6kdD_/view?usp=sharing,,Yes,1,https://drive.google.com/file/d/101KBJrQC82j6iIGH9pPxp79oh7eiNySY/view?usp=sharing,,,,,
Gujarat Titans,2025,Special,Lavender/Dark Blue,Lavender,EM,Dream11,IPL,India,4.6/5,"Shubman Gill, Rashid Khan, Mohit Sharma",https://drive.google.com/file/d/1TdBwW3CHvzKjxj-LCzYcyTciA6HKDEcR/view?usp=sharing,,NO,4,https://drive.google.com/file/d/101KBJrQC82j6iIGH9pPxp79oh7eiNySY/view?usp=sharing,,,,,
Gujarat Titans,2023,Special,Lavender/Dark Blue,Lavender,EM,Dream11,IPL,India,4.6/5,"Shubman Gill, Sai Sudharsan, Rashid Khan",https://drive.google.com/file/d/1obke9B64GXXyy30inpfbrb9T8BOIybzm/view?usp=sharing,,NO,2,https://drive.google.com/file/d/101KBJrQC82j6iIGH9pPxp79oh7eiNySY/view?usp=sharing,,,,,
,,,,,,,,,,,,,,,,,,,,
Lucknow Super Giants,2025,Home,Dark Blue,Blue,SIX5SIX,My11Circle,IPL,India,4.5/5,"Mitchell Marsh, Nicholas Pooran, Digvesh Rathi",https://drive.google.com/file/d/1QtZa5keqitPmeleqYnbFFm9Dl9uOpEMr/view?usp=sharing,,NO,7,https://drive.google.com/file/d/1B97wnaTSeIoqh9S4nXVjuFvvw6ic62Gb/view?usp=sharing,,,,,
Lucknow Super Giants,2024,Home,Dark Blue,Blue,SIX5SIX,My11Circle,IPL,India,4.5/5,"KL Rahul, Nicholas Pooran, Naveen‑ul‑Haq",https://drive.google.com/file/d/1O4pQCWD6WGMKQLXwMHRqu7L0ha01ntjT/view?usp=sharing,,NO,7,https://drive.google.com/file/d/1B97wnaTSeIoqh9S4nXVjuFvvw6ic62Gb/view?usp=sharing,,,,,
Lucknow Super Giants,2023,Home,Dark Blue,Blue,Alcics,My11Circle,IPL,India,4.5/5,"Marcus Stoinis, Ravi Bishnoi, KL Rahul",https://drive.google.com/file/d/1SvfR4tm7UjcD-lQLJT9upd472vewoqXx/view?usp=sharing,,NO,3,https://drive.google.com/file/d/1B97wnaTSeIoqh9S4nXVjuFvvw6ic62Gb/view?usp=sharing,,,,,
Lucknow Super Giants,2022,Home,Light Blue/Orange,Light Blue,SIX5SIX,My11Circle,IPL,India,4.5/5,"KL Rahul, Avesh Khan, Deepak Hooda",https://drive.google.com/file/d/1fi_EP4RiFGMd9QeZg8PVcP8dpGdgKeOv/view?usp=sharing,,NO,3,https://drive.google.com/file/d/1B97wnaTSeIoqh9S4nXVjuFvvw6ic62Gb/view?usp=sharing,,,,,
Lucknow Super Giants,2024,Special,Maroon/Green,Maroon,SIX5SIX,My11Circle,IPL,India,4.5/5,"KL Rahul, Nicholas Pooran, Naveen‑ul‑Haq",https://drive.google.com/file/d/1NirOVGoknIPgRi3d_RCjQQdMW6aN9IWB/view?usp=sharing,,NO,7,https://drive.google.com/file/d/1B97wnaTSeIoqh9S4nXVjuFvvw6ic62Gb/view?usp=sharing,,,,,
,,,,,,,,,,,,,,,,,,,,
IPL,,,,,,,,,,,https://drive.google.com/file/d/1CrkkwLUX7c74oBPEgXrylJr4WJP9_pDX/view?usp=drive_link,,,,,,,,,
IPL ,,,,,,,,,,,,,,,,,,,,